Type,id,location,edges--elec_edge--unidirectional,edges--elec_edge--commodity,edges--elec_edge--has_capacity,edges--elec_edge--uc,edges--elec_edge--integer_decisions,edges--elec_edge--lifetime,edges--elec_edge--constraints--CapacityConstraint,edges--elec_edge--can_expand,edges--elec_edge--can_retire,edges--elec_edge--end_vertex,edges--elec_edge--investment_cost,edges--elec_edge--existing_capacity,edges--elec_edge--fixed_om_cost,edges--elec_edge--variable_om_cost,edges--elec_edge--capacity_size,edges--elec_edge--startup_cost,edges--elec_edge--startup_fuel_consumption,edges--elec_edge--min_up_time,edges--elec_edge--min_down_time,edges--elec_edge--ramp_up_fraction,edges--elec_edge--ramp_down_fraction,edges--elec_edge--min_flow_fraction,edges--fuel_edge--commodity,edges--fuel_edge--unidirectional,edges--fuel_edge--has_capacity,edges--fuel_edge--start_vertex,edges--co2_edge--commodity,edges--co2_edge--unidirectional,edges--co2_edge--has_capacity,edges--co2_edge--end_vertex,transforms--timedata,transforms--constraints--BalanceConstraint,transforms--fuel_consumption,transforms--emission_rate
ThermalPower,SEL_natgas_CCGT,SEL,TRUE,Electricity,TRUE,FALSE,FALSE,30,TRUE,FALSE,TRUE,elec_SEL,796000,0,15274,1.82,125.825,69.34,0.58614214,6,6,0.64,0.64,0.5,NaturalGas,TRUE,FALSE,natgas_source,CO2,TRUE,FALSE,co2_sink_KR,NaturalGas,TRUE,2.0696,0.18104
ThermalPower,PUS_natgas_CCGT,PUS,TRUE,Electricity,TRUE,FALSE,FALSE,30,TRUE,TRUE,TRUE,elec_PUS,796000,0,15274,1.82,125.825,69.34,0.58614214,6,6,0.64,0.64,0.5,NaturalGas,TRUE,FALSE,natgas_source,CO2,TRUE,FALSE,co2_sink_KR,NaturalGas,TRUE,2.0696,0.18104
ThermalPower,TAE_natgas_CCGT,TAE,TRUE,Electricity,TRUE,FALSE,FALSE,30,TRUE,TRUE,TRUE,elec_TAE,796000,0,15274,1.82,125.825,69.34,0.58614214,6,6,0.64,0.64,0.5,NaturalGas,TRUE,FALSE,natgas_source,CO2,TRUE,FALSE,co2_sink_KR,NaturalGas,TRUE,2.0696,0.18104
ThermalPower,INC_natgas_CCGT,INC,TRUE,Electricity,TRUE,FALSE,FALSE,30,TRUE,TRUE,TRUE,elec_INC,796000,0,15274,1.82,125.825,69.34,0.58614214,6,6,0.64,0.64,0.5,NaturalGas,TRUE,FALSE,natgas_source,CO2,TRUE,FALSE,co2_sink_KR,NaturalGas,TRUE,2.0696,0.18104
ThermalPower,KWJ_natgas_CCGT,KWJ,TRUE,Electricity,TRUE,FALSE,FALSE,30,TRUE,TRUE,TRUE,elec_KWJ,796000,0,15274,1.82,125.825,69.34,0.58614214,6,6,0.64,0.64,0.5,NaturalGas,TRUE,FALSE,natgas_source,CO2,TRUE,FALSE,co2_sink_KR,NaturalGas,TRUE,2.0696,0.18104
ThermalPower,DJJ_natgas_CCGT,DJJ,TRUE,Electricity,TRUE,FALSE,FALSE,30,TRUE,TRUE,TRUE,elec_DJJ,796000,0,15274,1.82,125.825,69.34,0.58614214,6,6,0.64,0.64,0.5,NaturalGas,TRUE,FALSE,natgas_source,CO2,TRUE,FALSE,co2_sink_KR,NaturalGas,TRUE,2.0696,0.18104
ThermalPower,USN_natgas_CCGT,USN,TRUE,Electricity,TRUE,FALSE,FALSE,30,TRUE,TRUE,TRUE,elec_USN,796000,0,15274,1.82,125.825,69.34,0.58614214,6,6,0.64,0.64,0.5,NaturalGas,TRUE,FALSE,natgas_source,CO2,TRUE,FALSE,co2_sink_KR,NaturalGas,TRUE,2.0696,0.18104
ThermalPower,SJG_natgas_CCGT,SJG,TRUE,Electricity,TRUE,FALSE,FALSE,30,TRUE,TRUE,TRUE,elec_SJG,796000,0,15274,1.82,125.825,69.34,0.58614214,6,6,0.64,0.64,0.5,NaturalGas,TRUE,FALSE,natgas_source,CO2,TRUE,FALSE,co2_sink_KR,NaturalGas,TRUE,2.0696,0.18104
ThermalPower,GGI_natgas_CCGT,GGI,TRUE,Electricity,TRUE,FALSE,FALSE,30,TRUE,TRUE,TRUE,elec_GGI,796000,0,15274,1.82,125.825,69.34,0.58614214,6,6,0.64,0.64,0.5,NaturalGas,TRUE,FALSE,natgas_source,CO2,TRUE,FALSE,co2_sink_KR,NaturalGas,TRUE,2.0696,0.18104
ThermalPower,GWN_natgas_CCGT,GWN,TRUE,Electricity,TRUE,FALSE,FALSE,30,TRUE,TRUE,TRUE,elec_GWN,796000,0,15274,1.82,125.825,69.34,0.58614214,6,6,0.64,0.64,0.5,NaturalGas,TRUE,FALSE,natgas_source,CO2,TRUE,FALSE,co2_sink_KR,NaturalGas,TRUE,2.0696,0.18104
ThermalPower,CNB_natgas_CCGT,CNB,TRUE,Electricity,TRUE,FALSE,FALSE,30,TRUE,TRUE,TRUE,elec_CNB,796000,0,15274,1.82,125.825,69.34,0.58614214,6,6,0.64,0.64,0.5,NaturalGas,TRUE,FALSE,natgas_source,CO2,TRUE,FALSE,co2_sink_KR,NaturalGas,TRUE,2.0696,0.18104
ThermalPower,CNA_natgas_CCGT,CNA,TRUE,Electricity,TRUE,FALSE,FALSE,30,TRUE,TRUE,TRUE,elec_CNA,796000,0,15274,1.82,125.825,69.34,0.58614214,6,6,0.64,0.64,0.5,NaturalGas,TRUE,FALSE,natgas_source,CO2,TRUE,FALSE,co2_sink_KR,NaturalGas,TRUE,2.0696,0.18104
ThermalPower,JNB_natgas_CCGT,JNB,TRUE,Electricity,TRUE,FALSE,FALSE,30,TRUE,TRUE,TRUE,elec_JNB,796000,0,15274,1.82,125.825,69.34,0.58614214,6,6,0.64,0.64,0.5,NaturalGas,TRUE,FALSE,natgas_source,CO2,TRUE,FALSE,co2_sink_KR,NaturalGas,TRUE,2.0696,0.18104
ThermalPower,JNA_natgas_CCGT,JNA,TRUE,Electricity,TRUE,FALSE,FALSE,30,TRUE,TRUE,TRUE,elec_JNA,796000,0,15274,1.82,125.825,69.34,0.58614214,6,6,0.64,0.64,0.5,NaturalGas,TRUE,FALSE,natgas_source,CO2,TRUE,FALSE,co2_sink_KR,NaturalGas,TRUE,2.0696,0.18104
ThermalPower,GNB_natgas_CCGT,GNB,TRUE,Electricity,TRUE,FALSE,FALSE,30,TRUE,TRUE,TRUE,elec_GNB,796000,0,15274,1.82,125.825,69.34,0.58614214,6,6,0.64,0.64,0.5,NaturalGas,TRUE,FALSE,natgas_source,CO2,TRUE,FALSE,co2_sink_KR,NaturalGas,TRUE,2.0696,0.18104
ThermalPower,GNA_natgas_CCGT,GNA,TRUE,Electricity,TRUE,FALSE,FALSE,30,TRUE,TRUE,TRUE,elec_GNA,796000,0,15274,1.82,125.825,69.34,0.58614214,6,6,0.64,0.64,0.5,NaturalGas,TRUE,FALSE,natgas_source,CO2,TRUE,FALSE,co2_sink_KR,NaturalGas,TRUE,2.0696,0.18104
ThermalPower,JEJ_natgas_CCGT,JEJ,TRUE,Electricity,TRUE,FALSE,FALSE,30,TRUE,TRUE,TRUE,elec_JEJ,796000,0,15274,1.82,125.825,69.34,0.58614214,6,6,0.64,0.64,0.5,NaturalGas,TRUE,FALSE,natgas_source,CO2,TRUE,FALSE,co2_sink_KR,NaturalGas,TRUE,2.0696,0.18104
