Time_Index,Demand_MW_Region12Anhui,Demand_MW_Region1Beijing,Demand_MW_Region22Chongqing,Demand_MW_Region13Fujian,Demand_MW_Region28Gansu,Demand_MW_Region19Guangdong,Demand_MW_Region20Guangxi,Demand_MW_Region24Guizhou,Demand_MW_Region21Hainan,Demand_MW_Region3Hebei,Demand_MW_Region8Heilongjiang,Demand_MW_Region16Henan,Demand_MW_Region17Hubei,Demand_MW_Region18Hunan,Demand_MW_Region5Innermongolia,Demand_MW_Region10Jiangsu,Demand_MW_Region14Jiangxi,Demand_MW_Region7Jilin,Demand_MW_Region6Liaoning,Demand_MW_Region30Ningxia,Demand_MW_Region29Qinghai,Demand_MW_Region27Shaanxi,Demand_MW_Region15Shandong,Demand_MW_Region9Shanghai,Demand_MW_Region4Shanxi,Demand_MW_Region23Sichuan,Demand_MW_Region2Tianjin,Demand_MW_Region26Tibet,Demand_MW_Region31Xinjiang,Demand_MW_Region25Yunnan,Demand_MW_Region11Zhejiang,Demand_H2_Region1Beijing,Demand_H2_Region2Tianjin,Demand_H2_Region3Hebei,Demand_H2_Region4Shanxi,Demand_H2_Region5Innermongolia,Demand_H2_Region6Liaoning,Demand_H2_Region7Jilin,Demand_H2_Region8Heilongjiang,Demand_H2_Region9Shanghai,Demand_H2_Region10Jiangsu,Demand_H2_Region11Zhejiang,Demand_H2_Region12Anhui,Demand_H2_Region13Fujian,Demand_H2_Region14Jiangxi,Demand_H2_Region15Shandong,Demand_H2_Region16Henan,Demand_H2_Region17Hubei,Demand_H2_Region18Hunan,Demand_H2_Region19Guangdong,Demand_H2_Region20Guangxi,Demand_H2_Region21Hainan,Demand_H2_Region22Chongqing,Demand_H2_Region23Sichuan,Demand_H2_Region24Guizhou,Demand_H2_Region25Yunnan,Demand_H2_Region26Tibet,Demand_H2_Region27Shaanxi,Demand_H2_Region28Gansu,Demand_H2_Region29Qinghai,Demand_H2_Region30Ningxia,Demand_H2_Region31Xinjiang,Demand_Zero
1,16386.69791,11589.51264,51316.01987,35718.17083,50363.42278,35673.34609,11382.0766,14253.03873,23066.46132,105754.431,72867.18492,37048.15752,33430.22355,22681.54295,99775.39624,41808.99616,29368.62495,28298.13281,88494.55295,32938.02896,5045.967636,17629.76262,47295.83772,25181.28712,26958.42596,1718.686836,34018.57665,23266.4119,13676.8065,20094.43994,52151.759,4352.6,4352.6,4352.6,4352.6,4352.6,4352.6,4352.6,4352.6,4352.6,4352.6,4352.6,4352.6,4352.6,4352.6,4352.6,4352.6,4352.6,4352.6,4352.6,4352.6,4352.6,4352.6,4352.6,4352.6,4352.6,4352.6,4352.6,4352.6,4352.6,4352.6,4352.6,0
2,14716.31187,11595.02764,45692.6929,34784.83207,49735.37764,35288.80635,11232.06612,14316.41573,21586.78989,104958.2829,69219.41688,34807.52295,31571.22148,22315.78532,99151.26191,42186.76974,28133.71457,27789.76155,84791.78659,32260.2413,4801.530014,17185.056,46387.03645,24512.98179,26369.5401,1689.470456,33684.88676,23148.77597,13643.14665,20069.19409,52078.90184,4352.6,4352.6,4352.6,4352.6,4352.6,4352.6,4352.6,4352.6,4352.6,4352.6,4352.6,4352.6,4352.6,4352.6,4352.6,4352.6,4352.6,4352.6,4352.6,4352.6,4352.6,4352.6,4352.6,4352.6,4352.6,4352.6,4352.6,4352.6,4352.6,4352.6,4352.6,0
3,14628.62869,11334.66645,45948.32699,35592.7264,49504.78307,35292.32508,11191.65166,14187.73641,19217.97854,102114.2016,66848.08133,34037.22925,30402.22648,22001.85261,98479.75726,41055.91696,26904.63221,27575.75988,81126.2998,31769.71266,4631.211771,17120.30427,45602.89235,24040.02864,25479.33481,1668.28493,33441.38347,23124.43282,13583.0588,20045.42192,51913.70826,4352.6,4352.6,4352.6,4352.6,4352.6,4352.6,4352.6,4352.6,4352.6,4352.6,4352.6,4352.6,4352.6,4352.6,4352.6,4352.6,4352.6,4352.6,4352.6,4352.6,4352.6,4352.6,4352.6,4352.6,4352.6,4352.6,4352.6,4352.6,4352.6,4352.6,4352.6,0
4,15109.73133,11314.00769,49977.67296,35581.51935,49670.30367,35458.10911,11173.55872,14171.01287,18519.28599,100117.8729,65525.84461,33580.5145,29922.6603,21573.92756,97473.11755,40306.15432,25194.1068,27425.57054,79307.81263,31556.10524,4614.043288,17077.83545,45223.71191,23713.73111,24881.08632,1654.516005,33282.42035,23099.09998,13627.01593,20008.38172,51581.81404,4352.6,4352.6,4352.6,4352.6,4352.6,4352.6,4352.6,4352.6,4352.6,4352.6,4352.6,4352.6,4352.6,4352.6,4352.6,4352.6,4352.6,4352.6,4352.6,4352.6,4352.6,4352.6,4352.6,4352.6,4352.6,4352.6,4352.6,4352.6,4352.6,4352.6,4352.6,0
5,15523.01193,11248.79914,50866.24621,35588.32061,50595.00884,35966.53552,11321.38163,14396.35575,18465.68355,99232.83399,65446.33424,33795.20134,29863.34694,21521.7152,99642.20754,40306.15432,27149.97269,27516.6289,77498.98356,31459.74645,4696.222337,17839.03384,45696.76213,23811.63101,25180.70003,1656.043724,33300.08562,23228.71489,13625.45202,20026.28506,51103.64974,4352.6,4352.6,4352.6,4352.6,4352.6,4352.6,4352.6,4352.6,4352.6,4352.6,4352.6,4352.6,4352.6,4352.6,4352.6,4352.6,4352.6,4352.6,4352.6,4352.6,4352.6,4352.6,4352.6,4352.6,4352.6,4352.6,4352.6,4352.6,4352.6,4352.6,4352.6,0
6,16257.67846,11990.57563,53325.49894,36086.83058,53260.42252,37527.75223,11573.61188,14988.12911,18589.00796,99583.45542,67272.9374,35360.04908,31005.91103,22511.59644,102077.2726,40680.6191,29368.62495,27887.95119,79307.81263,32078.88913,4912.629312,19394.98514,47967.77061,23681.09577,25777.0084,1704.49277,33856.76526,23474.35454,13705.88884,20112.32728,51581.81404,4352.6,4352.6,4352.6,4352.6,4352.6,4352.6,4352.6,4352.6,4352.6,4352.6,4352.6,4352.6,4352.6,4352.6,4352.6,4352.6,4352.6,4352.6,4352.6,4352.6,4352.6,4352.6,4352.6,4352.6,4352.6,4352.6,4352.6,4352.6,4352.6,4352.6,4352.6,0
7,17645.92995,13023.80364,56745.7271,37004.2091,56385.70518,37614.32156,12174.47025,16056.40223,20011.65382,105347.9486,73889.79484,39066.77528,34184.90866,25437.17836,106557.0141,43324.98072,31356.12685,28169.43462,84791.78659,33793.00207,5192.237307,20774.54106,49459.75212,24170.51941,26369.5401,1820.132787,35158.92911,23877.23161,13973.24893,20274.58572,51748.01388,4352.6,4352.6,4352.6,4352.6,4352.6,4352.6,4352.6,4352.6,4352.6,4352.6,4352.6,4352.6,4352.6,4352.6,4352.6,4352.6,4352.6,4352.6,4352.6,4352.6,4352.6,4352.6,4352.6,4352.6,4352.6,4352.6,4352.6,4352.6,4352.6,4352.6,4352.6,0
8,19536.40449,14535.60445,59472.32926,37216.78613,55994.30299,37950.76728,12570.48573,16466.63445,23340.63727,113933.7995,86422.67355,43022.88516,37804.40538,28792.55821,107273.5832,47170.89117,34866.84423,30066.56045,111449.8171,35442.93366,5697.998702,23480.04176,46939.88236,26207.41435,27835.18545,1886.346605,35888.69877,23994.14442,13939.07168,19894.55832,52407.80489,4352.6,4352.6,4352.6,4352.6,4352.6,4352.6,4352.6,4352.6,4352.6,4352.6,4352.6,4352.6,4352.6,4352.6,4352.6,4352.6,4352.6,4352.6,4352.6,4352.6,4352.6,4352.6,4352.6,4352.6,4352.6,4352.6,4352.6,4352.6,4352.6,4352.6,4352.6,0
9,21241.08207,16595.59648,63255.63593,37293.10297,56659.24968,38799.39611,12597.69723,16425.13311,27648.5718,119064.9361,96275.51426,44639.27468,40629.71493,32747.27998,108349.4023,49515.69661,38416.21408,32139.79892,139691.7569,36634.48751,6210.753854,24613.17047,49960.77149,27232.62954,31551.60252,2054.709031,37696.78865,24440.39362,13998.474,20166.26191,52734.75895,4352.6,4352.6,4352.6,4352.6,4352.6,4352.6,4352.6,4352.6,4352.6,4352.6,4352.6,4352.6,4352.6,4352.6,4352.6,4352.6,4352.6,4352.6,4352.6,4352.6,4352.6,4352.6,4352.6,4352.6,4352.6,4352.6,4352.6,4352.6,4352.6,4352.6,4352.6,0
10,22449.62516,17404.30185,64748.74686,38400.4995,58141.12161,39586.82432,12751.96561,16551.96157,32537.1272,124553.8789,102126.5608,45130.43725,42430.36465,34202.74255,108181.2605,53884.4035,39692.66005,32755.9981,150125.9314,36989.67084,6568.124853,25858.43918,51473.53879,30546.52822,32391.84245,2096.719859,38138.01391,24557.19198,13944.84315,20209.99376,53042.29501,4352.6,4352.6,4352.6,4352.6,4352.6,4352.6,4352.6,4352.6,4352.6,4352.6,4352.6,4352.6,4352.6,4352.6,4352.6,4352.6,4352.6,4352.6,4352.6,4352.6,4352.6,4352.6,4352.6,4352.6,4352.6,4352.6,4352.6,4352.6,4352.6,4352.6,4352.6,0
11,23282.13656,17730.07972,67124.53323,38637.1829,58858.34723,38438.68509,12807.50476,16570.67797,34672.4259,131166.7659,104505.5809,46249.75283,44453.69375,35468.34048,109365.2764,55494.83252,40717.0256,35457.15534,156469.2764,37521.46408,6698.30048,25101.94534,55118.08585,31535.82224,32670.58562,2103.115131,38204.85042,24519.74157,14000.96357,20273.82781,53543.8433,4352.6,4352.6,4352.6,4352.6,4352.6,4352.6,4352.6,4352.6,4352.6,4352.6,4352.6,4352.6,4352.6,4352.6,4352.6,4352.6,4352.6,4352.6,4352.6,4352.6,4352.6,4352.6,4352.6,4352.6,4352.6,4352.6,4352.6,4352.6,4352.6,4352.6,4352.6,0
12,22071.47507,15942.11975,64450.19336,38649.0564,58874.14072,37279.6206,12836.5608,16506.57333,33192.01126,128871.0607,92578.33516,45938.95525,43060.52939,34917.128,108586.0129,58030.22046,39181.54143,32439.90105,129436.0649,36954.7356,6520.533124,25024.26942,57222.64092,32103.13038,31551.60252,2061.114199,37764.306,24613.09554,14055.2419,20237.35503,53420.16367,4352.6,4352.6,4352.6,4352.6,4352.6,4352.6,4352.6,4352.6,4352.6,4352.6,4352.6,4352.6,4352.6,4352.6,4352.6,4352.6,4352.6,4352.6,4352.6,4352.6,4352.6,4352.6,4352.6,4352.6,4352.6,4352.6,4352.6,4352.6,4352.6,4352.6,4352.6,0
13,21282.24961,15800.18617,61423.73682,37012.88571,55849.49178,37767.63467,12453.42279,16217.82093,30793.88952,116689.8928,91765.23684,43561.67353,39800.42869,31936.69981,107510.0507,56710.11219,37144.33285,31826.08615,123371.38,35800.07941,6131.585536,25192.10117,52993.0893,31746.56353,31270.15511,1986.900426,36976.44299,24221.17994,14058.27827,20314.43971,52907.7538,4352.6,4352.6,4352.6,4352.6,4352.6,4352.6,4352.6,4352.6,4352.6,4352.6,4352.6,4352.6,4352.6,4352.6,4352.6,4352.6,4352.6,4352.6,4352.6,4352.6,4352.6,4352.6,4352.6,4352.6,4352.6,4352.6,4352.6,4352.6,4352.6,4352.6,4352.6,0
14,21385.10567,16685.00675,63864.65216,37748.93546,55258.39599,38417.37086,12567.84986,16402.79375,31420.84121,124169.6176,96357.57523,43696.79257,39174.21056,32313.85714,108853.1073,52285.49914,37398.33815,31929.15833,143844.4008,35961.44871,6091.848345,25657.71641,53697.1546,30757.42161,31832.35997,1984.720064,36953.10856,24049.45057,14022.19998,20378.04891,52653.20123,4352.6,4352.6,4352.6,4352.6,4352.6,4352.6,4352.6,4352.6,4352.6,4352.6,4352.6,4352.6,4352.6,4352.6,4352.6,4352.6,4352.6,4352.6,4352.6,4352.6,4352.6,4352.6,4352.6,4352.6,4352.6,4352.6,4352.6,4352.6,4352.6,4352.6,4352.6,0
15,21455.45118,16313.78414,64697.08855,37864.18276,56428.31057,39657.58717,12674.28504,16492.53925,31038.17605,125591.7596,95865.67043,44008.06389,40177.17528,32722.34693,109801.2762,53884.4035,38416.21408,30963.86603,152233.5798,36510.59477,6222.897833,25685.07357,55634.06551,30254.46732,32112.43689,1995.674709,37070.23631,24008.68972,13899.78349,20381.31106,52407.80489,4352.6,4352.6,4352.6,4352.6,4352.6,4352.6,4352.6,4352.6,4352.6,4352.6,4352.6,4352.6,4352.6,4352.6,4352.6,4352.6,4352.6,4352.6,4352.6,4352.6,4352.6,4352.6,4352.6,4352.6,4352.6,4352.6,4352.6,4352.6,4352.6,4352.6,4352.6,0
16,21929.53856,16560.5843,65706.63403,37910.31524,58061.71043,40715.86975,12736.08015,16747.66274,31056.3656,126019.7058,95913.64534,44881.589,41185.26894,33075.81718,113355.5474,54285.93724,39692.66005,32207.92611,154348.0448,36658.56349,6460.847917,26189.08094,56087.52779,30595.19885,32391.84245,2006.697547,37187.81768,24013.53082,13614.89022,20324.99969,53253.91808,4352.6,4352.6,4352.6,4352.6,4352.6,4352.6,4352.6,4352.6,4352.6,4352.6,4352.6,4352.6,4352.6,4352.6,4352.6,4352.6,4352.6,4352.6,4352.6,4352.6,4352.6,4352.6,4352.6,4352.6,4352.6,4352.6,4352.6,4352.6,4352.6,4352.6,4352.6,0
17,23135.04361,17373.6706,70468.47637,38837.41902,61250.49576,42861.22812,13033.31158,17762.90278,32341.46055,127677.8204,94610.53451,46727.75141,43447.70349,35504.74578,114952.9072,53483.59002,42258.79021,34977.23446,160731.8436,38112.47312,7025.217558,27290.4822,57647.60693,29848.72077,32948.67514,2088.777595,38054.88916,24535.3059,13902.15715,20682.56862,53991.89789,4352.6,4352.6,4352.6,4352.6,4352.6,4352.6,4352.6,4352.6,4352.6,4352.6,4352.6,4352.6,4352.6,4352.6,4352.6,4352.6,4352.6,4352.6,4352.6,4352.6,4352.6,4352.6,4352.6,4352.6,4352.6,4352.6,4352.6,4352.6,4352.6,4352.6,4352.6,0
18,24031.23222,17035.61238,73904.41795,40120.96534,62908.41188,40688.30498,13647.49301,17459.5391,33316.63711,127862.7097,91268.40595,49018.92189,48292.12327,36032.46132,119201.0379,58030.22046,46923.94734,38103.4795,150125.9314,38982.83425,7532.710879,26435.86204,62318.76144,31697.93375,34054.66453,2198.481686,39191.4766,25218.90648,14151.94422,20921.61339,54420.63092,4352.6,4352.6,4352.6,4352.6,4352.6,4352.6,4352.6,4352.6,4352.6,4352.6,4352.6,4352.6,4352.6,4352.6,4352.6,4352.6,4352.6,4352.6,4352.6,4352.6,4352.6,4352.6,4352.6,4352.6,4352.6,4352.6,4352.6,4352.6,4352.6,4352.6,4352.6,0
19,23645.7193,16172.70523,67777.60104,39475.45063,62894.13166,40092.7876,13282.08531,17384.64303,32561.96836,128656.6435,88671.50376,50770.53089,49353.69602,35459.73964,114438.7382,64991.26715,45406.54431,36246.63778,169424.4042,39459.08916,7826.863868,24379.4214,67834.39016,32605.41308,35292.02193,2235.790208,39572.48839,25388.51287,14356.1482,20695.81103,54925.4252,4352.6,4352.6,4352.6,4352.6,4352.6,4352.6,4352.6,4352.6,4352.6,4352.6,4352.6,4352.6,4352.6,4352.6,4352.6,4352.6,4352.6,4352.6,4352.6,4352.6,4352.6,4352.6,4352.6,4352.6,4352.6,4352.6,4352.6,4352.6,4352.6,4352.6,4352.6,0
20,23178.11465,15652.01424,66511.54333,38895.49449,60711.40971,38708.56989,13097.9086,17077.53526,31993.99619,126533.791,85763.75611,47224.60036,45454.93803,34096.11316,108498.3868,61778.88026,44164.57242,34058.21249,158597.2254,38789.3809,7583.264053,23836.96025,59909.9936,33286.45904,34329.60995,2176.950336,38970.3375,25125.11185,14141.15375,20633.30472,56032.75132,4352.6,4352.6,4352.6,4352.6,4352.6,4352.6,4352.6,4352.6,4352.6,4352.6,4352.6,4352.6,4352.6,4352.6,4352.6,4352.6,4352.6,4352.6,4352.6,4352.6,4352.6,4352.6,4352.6,4352.6,4352.6,4352.6,4352.6,4352.6,4352.6,4352.6,4352.6,0
21,22393.6357,15503.57974,64627.11802,38682.26615,61052.1349,37683.01645,12879.76619,16660.4532,31147.6618,123376.879,82800.86565,44498.19896,43667.88427,32122.74417,106895.8698,59159.5418,41744.18222,31824.97431,152233.5798,38333.63803,7192.141483,22187.35903,57436.03566,32054.51295,34054.66453,2119.920126,38380.06761,24893.92537,14148.82786,20581.24262,55128.14474,4352.6,4352.6,4352.6,4352.6,4352.6,4352.6,4352.6,4352.6,4352.6,4352.6,4352.6,4352.6,4352.6,4352.6,4352.6,4352.6,4352.6,4352.6,4352.6,4352.6,4352.6,4352.6,4352.6,4352.6,4352.6,4352.6,4352.6,4352.6,4352.6,4352.6,4352.6,0
22,21148.36917,14249.65686,60580.31858,37960.81049,58658.5119,38025.52492,12592.23803,16164.18428,30346.45697,122462.1021,81926.79216,41528.46795,42711.50059,29687.61793,100817.4237,55899.21992,38416.21408,31394.12929,129436.0649,37379.18956,6777.683182,20600.87939,51882.57798,31697.93375,33779.1062,2012.352247,37248.03019,24558.91031,14014.60886,20481.13985,53469.23861,4352.6,4352.6,4352.6,4352.6,4352.6,4352.6,4352.6,4352.6,4352.6,4352.6,4352.6,4352.6,4352.6,4352.6,4352.6,4352.6,4352.6,4352.6,4352.6,4352.6,4352.6,4352.6,4352.6,4352.6,4352.6,4352.6,4352.6,4352.6,4352.6,4352.6,4352.6,0
23,19244.57483,13029.2837,56539.67864,36766.60858,55039.83839,37035.02622,12164.03416,15284.90205,28078.78809,120953.6679,81137.27821,39524.36871,40390.09656,26130.64968,99390.45037,50303.35188,37144.33285,30994.12813,111449.8171,35685.93192,6241.09611,19816.3169,47999.56267,30773.64282,30705.15158,1882.127309,35842.52439,23987.98955,13842.77286,20486.41331,52653.20123,4352.6,4352.6,4352.6,4352.6,4352.6,4352.6,4352.6,4352.6,4352.6,4352.6,4352.6,4352.6,4352.6,4352.6,4352.6,4352.6,4352.6,4352.6,4352.6,4352.6,4352.6,4352.6,4352.6,4352.6,4352.6,4352.6,4352.6,4352.6,4352.6,4352.6,4352.6,0
24,17327.36795,12406.5993,53253.38607,35963.04146,51932.02117,36115.23922,11758.79818,14663.4893,25695.2522,111176.9475,76895.18272,38546.98801,36751.95997,24140.13575,98873.39113,46395.42786,30360.61921,29196.76214,96008.60135,33791.23145,5539.953149,18352.12612,48507.98746,28744.45085,28125.7441,1772.275867,34624.43079,23565.94318,13725.66552,20092.8793,52101.98924,4352.6,4352.6,4352.6,4352.6,4352.6,4352.6,4352.6,4352.6,4352.6,4352.6,4352.6,4352.6,4352.6,4352.6,4352.6,4352.6,4352.6,4352.6,4352.6,4352.6,4352.6,4352.6,4352.6,4352.6,4352.6,4352.6,4352.6,4352.6,4352.6,4352.6,4352.6,0
