Type,id,transforms--timedata,transforms--constraints--BalanceConstraint,transforms--charcoal_production,transforms--electricity_consumption,transforms--capture_rate,transforms--co2_content,transforms--emission_rate,edges--biomass_edge--commodity,edges--biomass_edge--unidirectional,edges--biomass_edge--has_capacity,edges--biomass_edge--can_expand,edges--biomass_edge--can_retire,edges--biomass_edge--integer_decisions,edges--biomass_edge--constraints--CapacityConstraint,edges--biomass_edge--start_vertex,edges--biomass_edge--capacity_size,edges--biomass_edge--investment_cost,edges--biomass_edge--fixed_om_cost,edges--biomass_edge--variable_om_cost,edges--biomass_edge--existing_capacity,edges--biomass_edge--availability--timeseries--path,edges--biomass_edge--availability--timeseries--header,edges--charcoal_edge--commodity,edges--charcoal_edge--unidirectional,edges--charcoal_edge--has_capacity,edges--charcoal_edge--end_vertex,edges--elec_edge--commodity,edges--elec_edge--unidirectional,edges--elec_edge--has_capacity,edges--elec_edge--start_vertex,edges--co2_edge--commodity,edges--co2_edge--unidirectional,edges--co2_edge--has_capacity,edges--co2_edge--start_vertex,edges--co2_emission_edge--commodity,edges--co2_emission_edge--unidirectional,edges--co2_emission_edge--has_capacity,edges--co2_emission_edge--end_vertex,edges--co2_captured_edge--commodity,edges--co2_captured_edge--unidirectional,edges--co2_captured_edge--has_capacity,edges--co2_captured_edge--end_vertex
BECCSCharcoal,BR_AC_BECCS_charcoal,Biomass,TRUE,2.67,0.1,0.9,1.8,0.2,Biomass_Wood,TRUE,TRUE,TRUE,TRUE,FALSE,TRUE,biomass_wood_BR_AC,0.3,50,124299.58,0,0,system/availability.csv,Availability_One,Charcoal,TRUE,FALSE,charcoal_BR,Electricity,TRUE,FALSE,elec_BR,CO2,TRUE,FALSE,co2_sink,CO2,TRUE,FALSE,co2_sink,CO2Captured,TRUE,FALSE,co2_captured_BR
BECCSCharcoal,BR_AL_BECCS_charcoal,Biomass,TRUE,2.67,0.1,0.9,1.8,0.2,Biomass_Wood,TRUE,TRUE,TRUE,TRUE,FALSE,TRUE,biomass_wood_BR_AL,0.3,50,124299.58,0,,system/availability.csv,Availability_One,Charcoal,TRUE,FALSE,charcoal_BR,Electricity,TRUE,FALSE,elec_BR,CO2,TRUE,FALSE,co2_sink,CO2,TRUE,FALSE,co2_sink,CO2Captured,TRUE,FALSE,co2_captured_BR
BECCSCharcoal,BR_AP_BECCS_charcoal,Biomass,TRUE,2.67,0.1,0.9,1.8,0.2,Biomass_Wood,TRUE,TRUE,TRUE,TRUE,FALSE,TRUE,biomass_wood_BR_AP,0.3,50,124299.58,0,,system/availability.csv,Availability_One,Charcoal,TRUE,FALSE,charcoal_BR,Electricity,TRUE,FALSE,elec_BR,CO2,TRUE,FALSE,co2_sink,CO2,TRUE,FALSE,co2_sink,CO2Captured,TRUE,FALSE,co2_captured_BR
BECCSCharcoal,BR_AM_BECCS_charcoal,Biomass,TRUE,2.67,0.1,0.9,1.8,0.2,Biomass_Wood,TRUE,TRUE,TRUE,TRUE,FALSE,TRUE,biomass_wood_BR_AM,0.3,50,124299.58,0,,system/availability.csv,Availability_One,Charcoal,TRUE,FALSE,charcoal_BR,Electricity,TRUE,FALSE,elec_BR,CO2,TRUE,FALSE,co2_sink,CO2,TRUE,FALSE,co2_sink,CO2Captured,TRUE,FALSE,co2_captured_BR
BECCSCharcoal,BR_BA_BECCS_charcoal,Biomass,TRUE,2.67,0.1,0.9,1.8,0.2,Biomass_Wood,TRUE,TRUE,TRUE,TRUE,FALSE,TRUE,biomass_wood_BR_BA,0.3,50,124299.58,0,,system/availability.csv,Availability_One,Charcoal,TRUE,FALSE,charcoal_BR,Electricity,TRUE,FALSE,elec_BR,CO2,TRUE,FALSE,co2_sink,CO2,TRUE,FALSE,co2_sink,CO2Captured,TRUE,FALSE,co2_captured_BR
BECCSCharcoal,BR_CE_BECCS_charcoal,Biomass,TRUE,2.67,0.1,0.9,1.8,0.2,Biomass_Wood,TRUE,TRUE,TRUE,TRUE,FALSE,TRUE,biomass_wood_BR_CE,0.3,50,124299.58,0,,system/availability.csv,Availability_One,Charcoal,TRUE,FALSE,charcoal_BR,Electricity,TRUE,FALSE,elec_BR,CO2,TRUE,FALSE,co2_sink,CO2,TRUE,FALSE,co2_sink,CO2Captured,TRUE,FALSE,co2_captured_BR
BECCSCharcoal,BR_DF_BECCS_charcoal,Biomass,TRUE,2.67,0.1,0.9,1.8,0.2,Biomass_Wood,TRUE,TRUE,TRUE,TRUE,FALSE,TRUE,biomass_wood_BR_DF,0.3,50,124299.58,0,,system/availability.csv,Availability_One,Charcoal,TRUE,FALSE,charcoal_BR,Electricity,TRUE,FALSE,elec_BR,CO2,TRUE,FALSE,co2_sink,CO2,TRUE,FALSE,co2_sink,CO2Captured,TRUE,FALSE,co2_captured_BR
BECCSCharcoal,BR_ES_BECCS_charcoal,Biomass,TRUE,2.67,0.1,0.9,1.8,0.2,Biomass_Wood,TRUE,TRUE,TRUE,TRUE,FALSE,TRUE,biomass_wood_BR_ES,0.3,50,124299.58,0,,system/availability.csv,Availability_One,Charcoal,TRUE,FALSE,charcoal_BR,Electricity,TRUE,FALSE,elec_BR,CO2,TRUE,FALSE,co2_sink,CO2,TRUE,FALSE,co2_sink,CO2Captured,TRUE,FALSE,co2_captured_BR
BECCSCharcoal,BR_GO_BECCS_charcoal,Biomass,TRUE,2.67,0.1,0.9,1.8,0.2,Biomass_Wood,TRUE,TRUE,TRUE,TRUE,FALSE,TRUE,biomass_wood_BR_GO,0.3,50,124299.58,0,,system/availability.csv,Availability_One,Charcoal,TRUE,FALSE,charcoal_BR,Electricity,TRUE,FALSE,elec_BR,CO2,TRUE,FALSE,co2_sink,CO2,TRUE,FALSE,co2_sink,CO2Captured,TRUE,FALSE,co2_captured_BR
BECCSCharcoal,BR_MA_BECCS_charcoal,Biomass,TRUE,2.67,0.1,0.9,1.8,0.2,Biomass_Wood,TRUE,TRUE,TRUE,TRUE,FALSE,TRUE,biomass_wood_BR_MA,0.3,50,124299.58,0,,system/availability.csv,Availability_One,Charcoal,TRUE,FALSE,charcoal_BR,Electricity,TRUE,FALSE,elec_BR,CO2,TRUE,FALSE,co2_sink,CO2,TRUE,FALSE,co2_sink,CO2Captured,TRUE,FALSE,co2_captured_BR
BECCSCharcoal,BR_MT_BECCS_charcoal,Biomass,TRUE,2.67,0.1,0.9,1.8,0.2,Biomass_Wood,TRUE,TRUE,TRUE,TRUE,FALSE,TRUE,biomass_wood_BR_MT,0.3,50,124299.58,0,,system/availability.csv,Availability_One,Charcoal,TRUE,FALSE,charcoal_BR,Electricity,TRUE,FALSE,elec_BR,CO2,TRUE,FALSE,co2_sink,CO2,TRUE,FALSE,co2_sink,CO2Captured,TRUE,FALSE,co2_captured_BR
BECCSCharcoal,BR_MS_BECCS_charcoal,Biomass,TRUE,2.67,0.1,0.9,1.8,0.2,Biomass_Wood,TRUE,TRUE,TRUE,TRUE,FALSE,TRUE,biomass_wood_BR_MS,0.3,50,124299.58,0,,system/availability.csv,Availability_One,Charcoal,TRUE,FALSE,charcoal_BR,Electricity,TRUE,FALSE,elec_BR,CO2,TRUE,FALSE,co2_sink,CO2,TRUE,FALSE,co2_sink,CO2Captured,TRUE,FALSE,co2_captured_BR
BECCSCharcoal,BR_MG_BECCS_charcoal,Biomass,TRUE,2.67,0.1,0.9,1.8,0.2,Biomass_Wood,TRUE,TRUE,TRUE,TRUE,FALSE,TRUE,biomass_wood_BR_MG,0.3,50,124299.58,0,,system/availability.csv,Availability_One,Charcoal,TRUE,FALSE,charcoal_BR,Electricity,TRUE,FALSE,elec_BR,CO2,TRUE,FALSE,co2_sink,CO2,TRUE,FALSE,co2_sink,CO2Captured,TRUE,FALSE,co2_captured_BR
BECCSCharcoal,BR_PA_BECCS_charcoal,Biomass,TRUE,2.67,0.1,0.9,1.8,0.2,Biomass_Wood,TRUE,TRUE,TRUE,TRUE,FALSE,TRUE,biomass_wood_BR_PA,0.3,50,124299.58,0,,system/availability.csv,Availability_One,Charcoal,TRUE,FALSE,charcoal_BR,Electricity,TRUE,FALSE,elec_BR,CO2,TRUE,FALSE,co2_sink,CO2,TRUE,FALSE,co2_sink,CO2Captured,TRUE,FALSE,co2_captured_BR
BECCSCharcoal,BR_PB_BECCS_charcoal,Biomass,TRUE,2.67,0.1,0.9,1.8,0.2,Biomass_Wood,TRUE,TRUE,TRUE,TRUE,FALSE,TRUE,biomass_wood_BR_PB,0.3,50,124299.58,0,,system/availability.csv,Availability_One,Charcoal,TRUE,FALSE,charcoal_BR,Electricity,TRUE,FALSE,elec_BR,CO2,TRUE,FALSE,co2_sink,CO2,TRUE,FALSE,co2_sink,CO2Captured,TRUE,FALSE,co2_captured_BR
BECCSCharcoal,BR_PR_BECCS_charcoal,Biomass,TRUE,2.67,0.1,0.9,1.8,0.2,Biomass_Wood,TRUE,TRUE,TRUE,TRUE,FALSE,TRUE,biomass_wood_BR_PR,0.3,50,124299.58,0,,system/availability.csv,Availability_One,Charcoal,TRUE,FALSE,charcoal_BR,Electricity,TRUE,FALSE,elec_BR,CO2,TRUE,FALSE,co2_sink,CO2,TRUE,FALSE,co2_sink,CO2Captured,TRUE,FALSE,co2_captured_BR
BECCSCharcoal,BR_PE_BECCS_charcoal,Biomass,TRUE,2.67,0.1,0.9,1.8,0.2,Biomass_Wood,TRUE,TRUE,TRUE,TRUE,FALSE,TRUE,biomass_wood_BR_PE,0.3,50,124299.58,0,,system/availability.csv,Availability_One,Charcoal,TRUE,FALSE,charcoal_BR,Electricity,TRUE,FALSE,elec_BR,CO2,TRUE,FALSE,co2_sink,CO2,TRUE,FALSE,co2_sink,CO2Captured,TRUE,FALSE,co2_captured_BR
BECCSCharcoal,BR_PI_BECCS_charcoal,Biomass,TRUE,2.67,0.1,0.9,1.8,0.2,Biomass_Wood,TRUE,TRUE,TRUE,TRUE,FALSE,TRUE,biomass_wood_BR_PI,0.3,50,124299.58,0,,system/availability.csv,Availability_One,Charcoal,TRUE,FALSE,charcoal_BR,Electricity,TRUE,FALSE,elec_BR,CO2,TRUE,FALSE,co2_sink,CO2,TRUE,FALSE,co2_sink,CO2Captured,TRUE,FALSE,co2_captured_BR
BECCSCharcoal,BR_RJ_BECCS_charcoal,Biomass,TRUE,2.67,0.1,0.9,1.8,0.2,Biomass_Wood,TRUE,TRUE,TRUE,TRUE,FALSE,TRUE,biomass_wood_BR_RJ,0.3,50,124299.58,0,,system/availability.csv,Availability_One,Charcoal,TRUE,FALSE,charcoal_BR,Electricity,TRUE,FALSE,elec_BR,CO2,TRUE,FALSE,co2_sink,CO2,TRUE,FALSE,co2_sink,CO2Captured,TRUE,FALSE,co2_captured_BR
BECCSCharcoal,BR_RN_BECCS_charcoal,Biomass,TRUE,2.67,0.1,0.9,1.8,0.2,Biomass_Wood,TRUE,TRUE,TRUE,TRUE,FALSE,TRUE,biomass_wood_BR_RN,0.3,50,124299.58,0,,system/availability.csv,Availability_One,Charcoal,TRUE,FALSE,charcoal_BR,Electricity,TRUE,FALSE,elec_BR,CO2,TRUE,FALSE,co2_sink,CO2,TRUE,FALSE,co2_sink,CO2Captured,TRUE,FALSE,co2_captured_BR
BECCSCharcoal,BR_RS_BECCS_charcoal,Biomass,TRUE,2.67,0.1,0.9,1.8,0.2,Biomass_Wood,TRUE,TRUE,TRUE,TRUE,FALSE,TRUE,biomass_wood_BR_RS,0.3,50,124299.58,0,,system/availability.csv,Availability_One,Charcoal,TRUE,FALSE,charcoal_BR,Electricity,TRUE,FALSE,elec_BR,CO2,TRUE,FALSE,co2_sink,CO2,TRUE,FALSE,co2_sink,CO2Captured,TRUE,FALSE,co2_captured_BR
BECCSCharcoal,BR_RO_BECCS_charcoal,Biomass,TRUE,2.67,0.1,0.9,1.8,0.2,Biomass_Wood,TRUE,TRUE,TRUE,TRUE,FALSE,TRUE,biomass_wood_BR_RO,0.3,50,124299.58,0,,system/availability.csv,Availability_One,Charcoal,TRUE,FALSE,charcoal_BR,Electricity,TRUE,FALSE,elec_BR,CO2,TRUE,FALSE,co2_sink,CO2,TRUE,FALSE,co2_sink,CO2Captured,TRUE,FALSE,co2_captured_BR
BECCSCharcoal,BR_RR_BECCS_charcoal,Biomass,TRUE,2.67,0.1,0.9,1.8,0.2,Biomass_Wood,TRUE,TRUE,TRUE,TRUE,FALSE,TRUE,biomass_wood_BR_RR,0.3,50,124299.58,0,,system/availability.csv,Availability_One,Charcoal,TRUE,FALSE,charcoal_BR,Electricity,TRUE,FALSE,elec_BR,CO2,TRUE,FALSE,co2_sink,CO2,TRUE,FALSE,co2_sink,CO2Captured,TRUE,FALSE,co2_captured_BR
BECCSCharcoal,BR_SC_BECCS_charcoal,Biomass,TRUE,2.67,0.1,0.9,1.8,0.2,Biomass_Wood,TRUE,TRUE,TRUE,TRUE,FALSE,TRUE,biomass_wood_BR_SC,0.3,50,124299.58,0,,system/availability.csv,Availability_One,Charcoal,TRUE,FALSE,charcoal_BR,Electricity,TRUE,FALSE,elec_BR,CO2,TRUE,FALSE,co2_sink,CO2,TRUE,FALSE,co2_sink,CO2Captured,TRUE,FALSE,co2_captured_BR
BECCSCharcoal,BR_SP_BECCS_charcoal,Biomass,TRUE,2.67,0.1,0.9,1.8,0.2,Biomass_Wood,TRUE,TRUE,TRUE,TRUE,FALSE,TRUE,biomass_wood_BR_SP,0.3,50,124299.58,0,,system/availability.csv,Availability_One,Charcoal,TRUE,FALSE,charcoal_BR,Electricity,TRUE,FALSE,elec_BR,CO2,TRUE,FALSE,co2_sink,CO2,TRUE,FALSE,co2_sink,CO2Captured,TRUE,FALSE,co2_captured_BR
BECCSCharcoal,BR_SE_BECCS_charcoal,Biomass,TRUE,2.67,0.1,0.9,1.8,0.2,Biomass_Wood,TRUE,TRUE,TRUE,TRUE,FALSE,TRUE,biomass_wood_BR_SE,0.3,50,124299.58,0,,system/availability.csv,Availability_One,Charcoal,TRUE,FALSE,charcoal_BR,Electricity,TRUE,FALSE,elec_BR,CO2,TRUE,FALSE,co2_sink,CO2,TRUE,FALSE,co2_sink,CO2Captured,TRUE,FALSE,co2_captured_BR
BECCSCharcoal,BR_TO_BECCS_charcoal,Biomass,TRUE,2.67,0.1,0.9,1.8,0.2,Biomass_Wood,TRUE,TRUE,TRUE,TRUE,FALSE,TRUE,biomass_wood_BR_TO,0.3,50,124299.58,0,,system/availability.csv,Availability_One,Charcoal,TRUE,FALSE,charcoal_BR,Electricity,TRUE,FALSE,elec_BR,CO2,TRUE,FALSE,co2_sink,CO2,TRUE,FALSE,co2_sink,CO2Captured,TRUE,FALSE,co2_captured_BR
