Type,id,location,edges--elec_edge--unidirectional,edges--elec_edge--has_capacity,edges--elec_edge--commodity,edges--elec_edge--uc,edges--elec_edge--can_expand,edges--elec_edge--can_retire,edges--elec_edge--constraints--CapacityConstraint,edges--elec_edge--end_vertex,edges--elec_edge--wacc,edges--elec_edge--investment_cost,edges--elec_edge--existing_capacity,edges--elec_edge--lifetime,edges--elec_edge--fixed_om_cost,edges--elec_edge--variable_om_cost,edges--elec_edge--capacity_size,edges--elec_edge--min_capacity,edges--elec_edge--startup_cost,edges--elec_edge--startup_fuel_consumption,edges--elec_edge--min_up_time,edges--elec_edge--min_down_time,edges--elec_edge--constraints--MinUpTimeConstraint,edges--elec_edge--constraints--MinDownTimeConstraint,edges--elec_edge--ramp_up_fraction,edges--elec_edge--ramp_down_fraction,edges--elec_edge--constraints--RampingLimitConstraint,edges--elec_edge--min_flow_fraction,edges--elec_edge--constraints--MinFlowConstraint,edges--fuel_edge--unidirectional,edges--fuel_edge--has_capacity,edges--fuel_edge--commodity,edges--fuel_edge--start_vertex,edges--co2_edge--unidirectional,edges--co2_edge--has_capacity,edges--co2_edge--commodity,edges--co2_edge--end_vertex,transforms--timedata,transforms--constraints--BalanceConstraint,transforms--fuel_consumption,transforms--emission_rate
ThermalPower,Coal_power_plant_SEL,SEL,TRUE,TRUE,Electricity,TRUE,FALSE,TRUE,TRUE,elec_SEL,0.1,1676210,0,30,15816,1.55,200,0,150,0.134,6,6,TRUE,TRUE,0.25,0.25,TRUE,0.4,TRUE,TRUE,FALSE,Coal,coal_source,TRUE,FALSE,CO2,co2_sink_KR,Coal,TRUE,3.825,0.3405
ThermalPower,Coal_power_plant_PUS,PUS,TRUE,TRUE,Electricity,TRUE,TRUE,TRUE,TRUE,elec_PUS,0.1,1676210,0,30,15816,1.55,200,0,150,0.134,6,6,TRUE,TRUE,0.25,0.25,TRUE,0.4,TRUE,TRUE,FALSE,Coal,coal_source,TRUE,FALSE,CO2,co2_sink_KR,Coal,TRUE,3.825,0.3405
ThermalPower,Coal_power_plant_TAE,TAE,TRUE,TRUE,Electricity,TRUE,TRUE,TRUE,TRUE,elec_TAE,0.1,1676210,0,30,15816,1.55,200,0,150,0.134,6,6,TRUE,TRUE,0.25,0.25,TRUE,0.4,TRUE,TRUE,FALSE,Coal,coal_source,TRUE,FALSE,CO2,co2_sink_KR,Coal,TRUE,3.825,0.3405
ThermalPower,Coal_power_plant_INC,INC,TRUE,TRUE,Electricity,TRUE,TRUE,TRUE,TRUE,elec_INC,0.1,1676210,0,30,15816,1.55,200,0,150,0.134,6,6,TRUE,TRUE,0.25,0.25,TRUE,0.4,TRUE,TRUE,FALSE,Coal,coal_source,TRUE,FALSE,CO2,co2_sink_KR,Coal,TRUE,3.825,0.3405
ThermalPower,Coal_power_plant_KWJ,KWJ,TRUE,TRUE,Electricity,TRUE,TRUE,TRUE,TRUE,elec_KWJ,0.1,1676210,0,30,15816,1.55,200,0,150,0.134,6,6,TRUE,TRUE,0.25,0.25,TRUE,0.4,TRUE,TRUE,FALSE,Coal,coal_source,TRUE,FALSE,CO2,co2_sink_KR,Coal,TRUE,3.825,0.3405
ThermalPower,Coal_power_plant_DJJ,DJJ,TRUE,TRUE,Electricity,TRUE,TRUE,TRUE,TRUE,elec_DJJ,0.1,1676210,0,30,15816,1.55,200,0,150,0.134,6,6,TRUE,TRUE,0.25,0.25,TRUE,0.4,TRUE,TRUE,FALSE,Coal,coal_source,TRUE,FALSE,CO2,co2_sink_KR,Coal,TRUE,3.825,0.3405
ThermalPower,Coal_power_plant_USN,USN,TRUE,TRUE,Electricity,TRUE,TRUE,TRUE,TRUE,elec_USN,0.1,1676210,0,30,15816,1.55,200,0,150,0.134,6,6,TRUE,TRUE,0.25,0.25,TRUE,0.4,TRUE,TRUE,FALSE,Coal,coal_source,TRUE,FALSE,CO2,co2_sink_KR,Coal,TRUE,3.825,0.3405
ThermalPower,Coal_power_plant_SJG,SJG,TRUE,TRUE,Electricity,TRUE,TRUE,TRUE,TRUE,elec_SJG,0.1,1676210,0,30,15816,1.55,200,0,150,0.134,6,6,TRUE,TRUE,0.25,0.25,TRUE,0.4,TRUE,TRUE,FALSE,Coal,coal_source,TRUE,FALSE,CO2,co2_sink_KR,Coal,TRUE,3.825,0.3405
ThermalPower,Coal_power_plant_GGI,GGI,TRUE,TRUE,Electricity,TRUE,TRUE,TRUE,TRUE,elec_GGI,0.1,1676210,0,30,15816,1.55,200,0,150,0.134,6,6,TRUE,TRUE,0.25,0.25,TRUE,0.4,TRUE,TRUE,FALSE,Coal,coal_source,TRUE,FALSE,CO2,co2_sink_KR,Coal,TRUE,3.825,0.3405
ThermalPower,Coal_power_plant_GWN,GWN,TRUE,TRUE,Electricity,TRUE,TRUE,TRUE,TRUE,elec_GWN,0.1,1676210,0,30,15816,1.55,200,0,150,0.134,6,6,TRUE,TRUE,0.25,0.25,TRUE,0.4,TRUE,TRUE,FALSE,Coal,coal_source,TRUE,FALSE,CO2,co2_sink_KR,Coal,TRUE,3.825,0.3405
ThermalPower,Coal_power_plant_CNB,CNB,TRUE,TRUE,Electricity,TRUE,TRUE,TRUE,TRUE,elec_CNB,0.1,1676210,0,30,15816,1.55,200,0,150,0.134,6,6,TRUE,TRUE,0.25,0.25,TRUE,0.4,TRUE,TRUE,FALSE,Coal,coal_source,TRUE,FALSE,CO2,co2_sink_KR,Coal,TRUE,3.825,0.3405
ThermalPower,Coal_power_plant_CNA,CNA,TRUE,TRUE,Electricity,TRUE,TRUE,TRUE,TRUE,elec_CNA,0.1,1676210,0,30,15816,1.55,200,0,150,0.134,6,6,TRUE,TRUE,0.25,0.25,TRUE,0.4,TRUE,TRUE,FALSE,Coal,coal_source,TRUE,FALSE,CO2,co2_sink_KR,Coal,TRUE,3.825,0.3405
ThermalPower,Coal_power_plant_JNB,JNB,TRUE,TRUE,Electricity,TRUE,TRUE,TRUE,TRUE,elec_JNB,0.1,1676210,0,30,15816,1.55,200,0,150,0.134,6,6,TRUE,TRUE,0.25,0.25,TRUE,0.4,TRUE,TRUE,FALSE,Coal,coal_source,TRUE,FALSE,CO2,co2_sink_KR,Coal,TRUE,3.825,0.3405
ThermalPower,Coal_power_plant_JNA,JNA,TRUE,TRUE,Electricity,TRUE,TRUE,TRUE,TRUE,elec_JNA,0.1,1676210,0,30,15816,1.55,200,0,150,0.134,6,6,TRUE,TRUE,0.25,0.25,TRUE,0.4,TRUE,TRUE,FALSE,Coal,coal_source,TRUE,FALSE,CO2,co2_sink_KR,Coal,TRUE,3.825,0.3405
ThermalPower,Coal_power_plant_GNB,GNB,TRUE,TRUE,Electricity,TRUE,TRUE,TRUE,TRUE,elec_GNB,0.1,1676210,0,30,15816,1.55,200,0,150,0.134,6,6,TRUE,TRUE,0.25,0.25,TRUE,0.4,TRUE,TRUE,FALSE,Coal,coal_source,TRUE,FALSE,CO2,co2_sink_KR,Coal,TRUE,3.825,0.3405
ThermalPower,Coal_power_plant_GNA,GNA,TRUE,TRUE,Electricity,TRUE,TRUE,TRUE,TRUE,elec_GNA,0.1,1676210,0,30,15816,1.55,200,0,150,0.134,6,6,TRUE,TRUE,0.25,0.25,TRUE,0.4,TRUE,TRUE,FALSE,Coal,coal_source,TRUE,FALSE,CO2,co2_sink_KR,Coal,TRUE,3.825,0.3405
ThermalPower,Coal_power_plant_JEJ,JEJ,TRUE,TRUE,Electricity,TRUE,TRUE,TRUE,TRUE,elec_JEJ,0.1,1676210,0,30,15816,1.55,200,0,150,0.134,6,6,TRUE,TRUE,0.25,0.25,TRUE,0.4,TRUE,TRUE,FALSE,Coal,coal_source,TRUE,FALSE,CO2,co2_sink_KR,Coal,TRUE,3.825,0.3405
