Time_Index,Region1Beijing_PV_Central,Region2Tianjin_PV_Central,Region3Hebei_PV_Central,Region4Shanxi_PV_Central,Region5Innermongolia_PV_Central,Region6Liaoning_PV_Central,Region7Jilin_PV_Central,Region8Heilongjiang_PV_Central,Region9Shanghai_PV_Central,Region10Jiangsu_PV_Central,Region11Zhejiang_PV_Central,Region12Anhui_PV_Central,Region13Fujian_PV_Central,Region14Jiangxi_PV_Central,Region15Shandong_PV_Central,Region16Henan_PV_Central,Region17Hubei_PV_Central,Region18Hunan_PV_Central,Region19Guangdong_PV_Central,Region20Guangxi_PV_Central,Region21Hainan_PV_Central,Region22Chongqing_PV_Central,Region23Sichuan_PV_Central,Region24Guizhou_PV_Central,Region25Yunnan_PV_Central,Region26Tibet_PV_Central,Region27Shaanxi_PV_Central,Region28Gansu_PV_Central,Region29Qinghai_PV_Central,Region30Ningxia_PV_Central,Region31Xinjiang_PV_Central,Region1Beijing_PV_Distribution,Region2Tianjin_PV_Distribution,Region3Hebei_PV_Distribution,Region4Shanxi_PV_Distribution,Region5Innermongolia_PV_Distribution,Region6Liaoning_PV_Distribution,Region7Jilin_PV_Distribution,Region8Heilongjiang_PV_Distribution,Region9Shanghai_PV_Distribution,Region10Jiangsu_PV_Distribution,Region11Zhejiang_PV_Distribution,Region12Anhui_PV_Distribution,Region13Fujian_PV_Distribution,Region14Jiangxi_PV_Distribution,Region15Shandong_PV_Distribution,Region16Henan_PV_Distribution,Region17Hubei_PV_Distribution,Region18Hunan_PV_Distribution,Region19Guangdong_PV_Distribution,Region20Guangxi_PV_Distribution,Region21Hainan_PV_Distribution,Region22Chongqing_PV_Distribution,Region23Sichuan_PV_Distribution,Region24Guizhou_PV_Distribution,Region25Yunnan_PV_Distribution,Region26Tibet_PV_Distribution,Region27Shaanxi_PV_Distribution,Region28Gansu_PV_Distribution,Region29Qinghai_PV_Distribution,Region30Ningxia_PV_Distribution,Region31Xinjiang_PV_Distribution,Region1Beijing_Wind_Onshore,Region2Tianjin_Wind_Onshore,Region3Hebei_Wind_Onshore,Region4Shanxi_Wind_Onshore,Region5Innermongolia_Wind_Onshore,Region6Liaoning_Wind_Onshore,Region7Jilin_Wind_Onshore,Region8Heilongjiang_Wind_Onshore,Region9Shanghai_Wind_Onshore,Region10Jiangsu_Wind_Onshore,Region11Zhejiang_Wind_Onshore,Region12Anhui_Wind_Onshore,Region13Fujian_Wind_Onshore,Region14Jiangxi_Wind_Onshore,Region15Shandong_Wind_Onshore,Region16Henan_Wind_Onshore,Region17Hubei_Wind_Onshore,Region18Hunan_Wind_Onshore,Region19Guangdong_Wind_Onshore,Region20Guangxi_Wind_Onshore,Region21Hainan_Wind_Onshore,Region22Chongqing_Wind_Onshore,Region23Sichuan_Wind_Onshore,Region24Guizhou_Wind_Onshore,Region25Yunnan_Wind_Onshore,Region26Tibet_Wind_Onshore,Region27Shaanxi_Wind_Onshore,Region28Gansu_Wind_Onshore,Region29Qinghai_Wind_Onshore,Region30Ningxia_Wind_Onshore,Region31Xinjiang_Wind_Onshore,Region1Beijing_Wind_Offshore,Region2Tianjin_Wind_Offshore,Region3Hebei_Wind_Offshore,Region4Shanxi_Wind_Offshore,Region5Innermongolia_Wind_Offshore,Region6Liaoning_Wind_Offshore,Region7Jilin_Wind_Offshore,Region8Heilongjiang_Wind_Offshore,Region9Shanghai_Wind_Offshore,Region10Jiangsu_Wind_Offshore,Region11Zhejiang_Wind_Offshore,Region12Anhui_Wind_Offshore,Region13Fujian_Wind_Offshore,Region14Jiangxi_Wind_Offshore,Region15Shandong_Wind_Offshore,Region16Henan_Wind_Offshore,Region17Hubei_Wind_Offshore,Region18Hunan_Wind_Offshore,Region19Guangdong_Wind_Offshore,Region20Guangxi_Wind_Offshore,Region21Hainan_Wind_Offshore,Region22Chongqing_Wind_Offshore,Region23Sichuan_Wind_Offshore,Region24Guizhou_Wind_Offshore,Region25Yunnan_Wind_Offshore,Region26Tibet_Wind_Offshore,Region27Shaanxi_Wind_Offshore,Region28Gansu_Wind_Offshore,Region29Qinghai_Wind_Offshore,Region30Ningxia_Wind_Offshore,Region31Xinjiang_Wind_Offshore,Region1Beijing_Hydropower,Region2Tianjin_Hydropower,Region3Hebei_Hydropower,Region4Shanxi_Hydropower,Region5Innermongolia_Hydropower,Region6Liaoning_Hydropower,Region7Jilin_Hydropower,Region8Heilongjiang_Hydropower,Region9Shanghai_Hydropower,Region10Jiangsu_Hydropower,Region11Zhejiang_Hydropower,Region12Anhui_Hydropower,Region13Fujian_Hydropower,Region14Jiangxi_Hydropower,Region15Shandong_Hydropower,Region16Henan_Hydropower,Region17Hubei_Hydropower,Region18Hunan_Hydropower,Region19Guangdong_Hydropower,Region20Guangxi_Hydropower,Region21Hainan_Hydropower,Region22Chongqing_Hydropower,Region23Sichuan_Hydropower,Region24Guizhou_Hydropower,Region25Yunnan_Hydropower,Region26Tibet_Hydropower,Region27Shaanxi_Hydropower,Region28Gansu_Hydropower,Region29Qinghai_Hydropower,Region30Ningxia_Hydropower,Region31Xinjiang_Hydropower,Region1Beijing_CG,Region2Tianjin_CG,Region3Hebei_CG,Region4Shanxi_CG,Region5Innermongolia_CG,Region6Liaoning_CG,Region7Jilin_CG,Region8Heilongjiang_CG,Region9Shanghai_CG,Region10Jiangsu_CG,Region11Zhejiang_CG,Region12Anhui_CG,Region13Fujian_CG,Region14Jiangxi_CG,Region15Shandong_CG,Region16Henan_CG,Region17Hubei_CG,Region18Hunan_CG,Region19Guangdong_CG,Region20Guangxi_CG,Region21Hainan_CG,Region22Chongqing_CG,Region23Sichuan_CG,Region24Guizhou_CG,Region25Yunnan_CG,Region26Tibet_CG,Region27Shaanxi_CG,Region28Gansu_CG,Region29Qinghai_CG,Region30Ningxia_CG,Region31Xinjiang_CG,Region1Beijing_SMR,Region2Tianjin_SMR,Region3Hebei_SMR,Region4Shanxi_SMR,Region5Innermongolia_SMR,Region6Liaoning_SMR,Region7Jilin_SMR,Region8Heilongjiang_SMR,Region9Shanghai_SMR,Region10Jiangsu_SMR,Region11Zhejiang_SMR,Region12Anhui_SMR,Region13Fujian_SMR,Region14Jiangxi_SMR,Region15Shandong_SMR,Region16Henan_SMR,Region17Hubei_SMR,Region18Hunan_SMR,Region19Guangdong_SMR,Region20Guangxi_SMR,Region21Hainan_SMR,Region22Chongqing_SMR,Region23Sichuan_SMR,Region24Guizhou_SMR,Region25Yunnan_SMR,Region26Tibet_SMR,Region27Shaanxi_SMR,Region28Gansu_SMR,Region29Qinghai_SMR,Region30Ningxia_SMR,Region31Xinjiang_SMR,Region1Beijing_CCGT-H2,Region2Tianjin_CCGT-H2,Region3Hebei_CCGT-H2,Region4Shanxi_CCGT-H2,Region5Innermongolia_CCGT-H2,Region6Liaoning_CCGT-H2,Region7Jilin_CCGT-H2,Region8Heilongjiang_CCGT-H2,Region9Shanghai_CCGT-H2,Region10Jiangsu_CCGT-H2,Region11Zhejiang_CCGT-H2,Region12Anhui_CCGT-H2,Region13Fujian_CCGT-H2,Region14Jiangxi_CCGT-H2,Region15Shandong_CCGT-H2,Region16Henan_CCGT-H2,Region17Hubei_CCGT-H2,Region18Hunan_CCGT-H2,Region19Guangdong_CCGT-H2,Region20Guangxi_CCGT-H2,Region21Hainan_CCGT-H2,Region22Chongqing_CCGT-H2,Region23Sichuan_CCGT-H2,Region24Guizhou_CCGT-H2,Region25Yunnan_CCGT-H2,Region26Tibet_CCGT-H2,Region27Shaanxi_CCGT-H2,Region28Gansu_CCGT-H2,Region29Qinghai_CCGT-H2,Region30Ningxia_CCGT-H2,Region31Xinjiang_CCGT-H2,Region1Beijing_OCGT-H2,Region2Tianjin_OCGT-H2,Region3Hebei_OCGT-H2,Region4Shanxi_OCGT-H2,Region5Innermongolia_OCGT-H2,Region6Liaoning_OCGT-H2,Region7Jilin_OCGT-H2,Region8Heilongjiang_OCGT-H2,Region9Shanghai_OCGT-H2,Region10Jiangsu_OCGT-H2,Region11Zhejiang_OCGT-H2,Region12Anhui_OCGT-H2,Region13Fujian_OCGT-H2,Region14Jiangxi_OCGT-H2,Region15Shandong_OCGT-H2,Region16Henan_OCGT-H2,Region17Hubei_OCGT-H2,Region18Hunan_OCGT-H2,Region19Guangdong_OCGT-H2,Region20Guangxi_OCGT-H2,Region21Hainan_OCGT-H2,Region22Chongqing_OCGT-H2,Region23Sichuan_OCGT-H2,Region24Guizhou_OCGT-H2,Region25Yunnan_OCGT-H2,Region26Tibet_OCGT-H2,Region27Shaanxi_OCGT-H2,Region28Gansu_OCGT-H2,Region29Qinghai_OCGT-H2,Region30Ningxia_OCGT-H2,Region31Xinjiang_OCGT-H2,Region1Beijing_SMR_CCS,Region2Tianjin_SMR_CCS,Region3Hebei_SMR_CCS,Region4Shanxi_SMR_CCS,Region5Innermongolia_SMR_CCS,Region6Liaoning_SMR_CCS,Region7Jilin_SMR_CCS,Region8Heilongjiang_SMR_CCS,Region9Shanghai_SMR_CCS,Region10Jiangsu_SMR_CCS,Region11Zhejiang_SMR_CCS,Region12Anhui_SMR_CCS,Region13Fujian_SMR_CCS,Region14Jiangxi_SMR_CCS,Region15Shandong_SMR_CCS,Region16Henan_SMR_CCS,Region17Hubei_SMR_CCS,Region18Hunan_SMR_CCS,Region19Guangdong_SMR_CCS,Region20Guangxi_SMR_CCS,Region21Hainan_SMR_CCS,Region22Chongqing_SMR_CCS,Region23Sichuan_SMR_CCS,Region24Guizhou_SMR_CCS,Region25Yunnan_SMR_CCS,Region26Tibet_SMR_CCS,Region27Shaanxi_SMR_CCS,Region28Gansu_SMR_CCS,Region29Qinghai_SMR_CCS,Region30Ningxia_SMR_CCS,Region31Xinjiang_SMR_CCS,Region1Beijing_CG_CCS,Region2Tianjin_CG_CCS,Region3Hebei_CG_CCS,Region4Shanxi_CG_CCS,Region5Innermongolia_CG_CCS,Region6Liaoning_CG_CCS,Region7Jilin_CG_CCS,Region8Heilongjiang_CG_CCS,Region9Shanghai_CG_CCS,Region10Jiangsu_CG_CCS,Region11Zhejiang_CG_CCS,Region12Anhui_CG_CCS,Region13Fujian_CG_CCS,Region14Jiangxi_CG_CCS,Region15Shandong_CG_CCS,Region16Henan_CG_CCS,Region17Hubei_CG_CCS,Region18Hunan_CG_CCS,Region19Guangdong_CG_CCS,Region20Guangxi_CG_CCS,Region21Hainan_CG_CCS,Region22Chongqing_CG_CCS,Region23Sichuan_CG_CCS,Region24Guizhou_CG_CCS,Region25Yunnan_CG_CCS,Region26Tibet_CG_CCS,Region27Shaanxi_CG_CCS,Region28Gansu_CG_CCS,Region29Qinghai_CG_CCS,Region30Ningxia_CG_CCS,Region31Xinjiang_CG_CCS
1,0,0,0,0,0,0,0,0,0,0,0,0,0,0,0,0,0,0,0,0,0,0,0,0,0,0,0,0,0,0,0,0,0,0,0,0,0,0,0,0,0,0,0,0,0,0,0,0,0,0,0,0,0,0,0,0,0,0,0,0,0,0,0.305593776,0.311252083,0.440529294,0.113474289,0.434168197,0.301746892,0.095522278,0.05900417,0.352931277,0.121247995,0.333214066,0.147330333,0.330308032,0.218547806,0.038988135,0.295412638,0.304194224,0.267219079,0.710220068,0.272301089,0.349105442,0.267088426,0.31258855,0.143244078,0.294782809,0.565165178,0.302665152,0.213882438,0.266447219,0.387122,0.530988881,0,0.720970923,0.189061065,0,0,0.633862369,0,0,0.788175529,0.383222401,0.709086486,0,0.844944256,0,0.605232139,0,0,0,0.21022588,0.21022588,0.790874788,0,0,0,0,0,0,0,0,0,0,0.5,0.5,0.5,0.5,0.5,0.5,0.5,0.5,0.5,0.5,0.5,0.5,0.5,0.5,0.5,0.5,0.5,0.5,0.5,0.5,0.5,0.5,0.5,0.5,0.5,0.5,0.5,0.5,0.5,0.5,0.5,1,1,1,1,1,1,1,1,1,1,1,1,1,1,1,1,1,1,1,1,1,1,1,1,1,1,1,1,1,1,1,1,1,1,1,1,1,1,1,1,1,1,1,1,1,1,1,1,1,1,1,1,1,1,1,1,1,1,1,1,1,1,1,1,1,1,1,1,1,1,1,1,1,1,1,1,1,1,1,1,1,1,1,1,1,1,1,1,1,1,1,1,1,1,1,1,1,1,1,1,1,1,1,1,1,1,1,1,1,1,1,1,1,1,1,1,1,1,1,1,1,1,1,1,1,1,1,1,1,1,1,1,1,1,1,1,1,1,1,1,1,1,1,1,1,1,1,1,1,1,1,1,1,1,1,1,1,1,1,1,1,1,1,1,1,1,1,1,1,1,1,1,1,1,1,1,1,1,1,1,1,1,1,1,1,1
2,0,0,0,0,0,0,0,0,0,0,0,0,0,0,0,0,0,0,0,0,0,0,0,0,0,0,0,0,0,0,0,0,0,0,0,0,0,0,0,0,0,0,0,0,0,0,0,0,0,0,0,0,0,0,0,0,0,0,0,0,0,0,0.305969086,0.354241166,0.467502391,0.095639399,0.429209258,0.280021029,0.116911419,0.068968779,0.375656601,0.110156559,0.329534612,0.181140283,0.302322199,0.211188236,0.040445768,0.324746807,0.300431481,0.225736084,0.714052972,0.303273516,0.378397751,0.271780197,0.338180156,0.123026824,0.27378286,0.565165178,0.32906756,0.233875986,0.230749183,0.369740466,0.534768202,0,0.722364012,0.144635703,0,0,0.572875035,0,0,0.815066636,0.392521741,0.709086486,0,0.843351008,0,0.584460545,0,0,0,0.243356106,0.243356106,0.816780484,0,0,0,0,0,0,0,0,0,0,0.5,0.5,0.5,0.5,0.5,0.5,0.5,0.5,0.5,0.5,0.5,0.5,0.5,0.5,0.5,0.5,0.5,0.5,0.5,0.5,0.5,0.5,0.5,0.5,0.5,0.5,0.5,0.5,0.5,0.5,0.5,1,1,1,1,1,1,1,1,1,1,1,1,1,1,1,1,1,1,1,1,1,1,1,1,1,1,1,1,1,1,1,1,1,1,1,1,1,1,1,1,1,1,1,1,1,1,1,1,1,1,1,1,1,1,1,1,1,1,1,1,1,1,1,1,1,1,1,1,1,1,1,1,1,1,1,1,1,1,1,1,1,1,1,1,1,1,1,1,1,1,1,1,1,1,1,1,1,1,1,1,1,1,1,1,1,1,1,1,1,1,1,1,1,1,1,1,1,1,1,1,1,1,1,1,1,1,1,1,1,1,1,1,1,1,1,1,1,1,1,1,1,1,1,1,1,1,1,1,1,1,1,1,1,1,1,1,1,1,1,1,1,1,1,1,1,1,1,1,1,1,1,1,1,1,1,1,1,1,1,1,1,1,1,1,1,1
3,0,0,0,0,0,0,0,0,0,0,0,0,0,0,0,0,0,0,0,0,0,0,0,0,0,0,0,0,0,0,0,0,0,0,0,0,0,0,0,0,0,0,0,0,0,0,0,0,0,0,0,0,0,0,0,0,0,0,0,0,0,0,0.286110675,0.325942093,0.501866928,0.088164253,0.424259424,0.270397052,0.126556636,0.083572693,0.375449758,0.089727096,0.333406198,0.167445699,0.281325117,0.219344536,0.059375138,0.350592335,0.267923166,0.220330385,0.700406794,0.328724626,0.394245472,0.270310989,0.370055933,0.119063861,0.271962006,0.565165178,0.402944142,0.270995766,0.199508319,0.360799827,0.515580496,0,0.642519521,0.124358499,0,0,0.55747833,0,0,0.825738971,0.410897279,0.709086486,0,0.840606768,0,0.531621254,0,0,0,0.267620217,0.267620217,0.827052368,0,0,0,0,0,0,0,0,0,0,0.5,0.5,0.5,0.5,0.5,0.5,0.5,0.5,0.5,0.5,0.5,0.5,0.5,0.5,0.5,0.5,0.5,0.5,0.5,0.5,0.5,0.5,0.5,0.5,0.5,0.5,0.5,0.5,0.5,0.5,0.5,1,1,1,1,1,1,1,1,1,1,1,1,1,1,1,1,1,1,1,1,1,1,1,1,1,1,1,1,1,1,1,1,1,1,1,1,1,1,1,1,1,1,1,1,1,1,1,1,1,1,1,1,1,1,1,1,1,1,1,1,1,1,1,1,1,1,1,1,1,1,1,1,1,1,1,1,1,1,1,1,1,1,1,1,1,1,1,1,1,1,1,1,1,1,1,1,1,1,1,1,1,1,1,1,1,1,1,1,1,1,1,1,1,1,1,1,1,1,1,1,1,1,1,1,1,1,1,1,1,1,1,1,1,1,1,1,1,1,1,1,1,1,1,1,1,1,1,1,1,1,1,1,1,1,1,1,1,1,1,1,1,1,1,1,1,1,1,1,1,1,1,1,1,1,1,1,1,1,1,1,1,1,1,1,1,1
4,0,0,0,0,0,0,0,0,0,0,0,0,0,0,0,0,0,0,0,0,0,0,0,0,0,0,0,0,0,0,0,0,0,0,0,0,0,0,0,0,0,0,0,0,0,0,0,0,0,0,0,0,0,0,0,0,0,0,0,0,0,0,0.2658536,0.283666266,0.519777034,0.099692505,0.403639245,0.278065514,0.142895773,0.093830095,0.330081632,0.064052288,0.337465313,0.152017975,0.267629377,0.222654769,0.095977423,0.398140699,0.215940322,0.218100488,0.700704481,0.330958317,0.389805695,0.282081038,0.398634048,0.115642059,0.25129729,0.565165178,0.414182622,0.278120824,0.154985717,0.354698311,0.493152934,0,0.69199136,0.124358499,0,0,0.528357013,0,0,0.829908864,0.436733927,0.751745798,0,0.837914241,0,0.499916585,0,0,0,0.315897118,0.315897118,0.831064376,0,0,0,0,0,0,0,0,0,0,0.5,0.5,0.5,0.5,0.5,0.5,0.5,0.5,0.5,0.5,0.5,0.5,0.5,0.5,0.5,0.5,0.5,0.5,0.5,0.5,0.5,0.5,0.5,0.5,0.5,0.5,0.5,0.5,0.5,0.5,0.5,1,1,1,1,1,1,1,1,1,1,1,1,1,1,1,1,1,1,1,1,1,1,1,1,1,1,1,1,1,1,1,1,1,1,1,1,1,1,1,1,1,1,1,1,1,1,1,1,1,1,1,1,1,1,1,1,1,1,1,1,1,1,1,1,1,1,1,1,1,1,1,1,1,1,1,1,1,1,1,1,1,1,1,1,1,1,1,1,1,1,1,1,1,1,1,1,1,1,1,1,1,1,1,1,1,1,1,1,1,1,1,1,1,1,1,1,1,1,1,1,1,1,1,1,1,1,1,1,1,1,1,1,1,1,1,1,1,1,1,1,1,1,1,1,1,1,1,1,1,1,1,1,1,1,1,1,1,1,1,1,1,1,1,1,1,1,1,1,1,1,1,1,1,1,1,1,1,1,1,1,1,1,1,1,1,1
5,0,0,0,0,0,0,0,0,0,0,0,0,0,0,0,0,0,0,0,0,0,0,0,0,0,0,0,0,0,0,0,0,0,0,0,0,0,0,0,0,0,0,0,0,0,0,0,0,0,0,0,0,0,0,0,0,0,0,0,0,0,0,0.248300482,0.247105685,0.518425542,0.094025788,0.371029452,0.292232677,0.153849316,0.09713406,0.259566189,0.057251276,0.332487223,0.162544191,0.258010167,0.213978789,0.097531342,0.439578476,0.200633564,0.233712862,0.712295854,0.340469973,0.38410041,0.272672909,0.424838669,0.110010783,0.19900031,0.565165178,0.431561506,0.270347454,0.136465488,0.352450517,0.460758612,0,0.692812786,0.117280539,0,0,0.498938474,0,0,0.829771363,0.43657572,0.794778864,0,0.797045189,0,0.469861542,0,0,0,0.350132365,0.350132365,0.830932095,0,0,0,0,0,0,0,0,0,0,0.5,0.5,0.5,0.5,0.5,0.5,0.5,0.5,0.5,0.5,0.5,0.5,0.5,0.5,0.5,0.5,0.5,0.5,0.5,0.5,0.5,0.5,0.5,0.5,0.5,0.5,0.5,0.5,0.5,0.5,0.5,1,1,1,1,1,1,1,1,1,1,1,1,1,1,1,1,1,1,1,1,1,1,1,1,1,1,1,1,1,1,1,1,1,1,1,1,1,1,1,1,1,1,1,1,1,1,1,1,1,1,1,1,1,1,1,1,1,1,1,1,1,1,1,1,1,1,1,1,1,1,1,1,1,1,1,1,1,1,1,1,1,1,1,1,1,1,1,1,1,1,1,1,1,1,1,1,1,1,1,1,1,1,1,1,1,1,1,1,1,1,1,1,1,1,1,1,1,1,1,1,1,1,1,1,1,1,1,1,1,1,1,1,1,1,1,1,1,1,1,1,1,1,1,1,1,1,1,1,1,1,1,1,1,1,1,1,1,1,1,1,1,1,1,1,1,1,1,1,1,1,1,1,1,1,1,1,1,1,1,1,1,1,1,1,1,1
6,0,0,0,0,0,0,0,0,0,0,0,0,0,0,0,0,0,0,0,0,0,0,0,0,0,0,0,0,0,0,0,0,0,0,0,0,0,0,0,0,0,0,0,0,0,0,0,0,0,0,0,0,0,0,0,0,0,0,0,0,0,0,0.248611346,0.190244796,0.516018489,0.067262741,0.342786048,0.296624442,0.160443394,0.088848675,0.20451532,0.069575262,0.310903619,0.155159383,0.240564501,0.187434866,0.104158499,0.432756739,0.223901219,0.2503712,0.719671739,0.338989445,0.372543654,0.264007294,0.435007928,0.10725594,0.163300402,0.562505545,0.433892868,0.26886989,0.129652609,0.353513067,0.433510916,0,0.667270115,0.109960471,0,0,0.482106098,0,0,0.843909108,0.410434127,0.82215812,0,0.737923581,0,0.439233789,0,0,0,0.325096738,0.325096738,0.844528758,0,0,0,0,0,0,0,0,0,0,0.5,0.5,0.5,0.5,0.5,0.5,0.5,0.5,0.5,0.5,0.5,0.5,0.5,0.5,0.5,0.5,0.5,0.5,0.5,0.5,0.5,0.5,0.5,0.5,0.5,0.5,0.5,0.5,0.5,0.5,0.5,1,1,1,1,1,1,1,1,1,1,1,1,1,1,1,1,1,1,1,1,1,1,1,1,1,1,1,1,1,1,1,1,1,1,1,1,1,1,1,1,1,1,1,1,1,1,1,1,1,1,1,1,1,1,1,1,1,1,1,1,1,1,1,1,1,1,1,1,1,1,1,1,1,1,1,1,1,1,1,1,1,1,1,1,1,1,1,1,1,1,1,1,1,1,1,1,1,1,1,1,1,1,1,1,1,1,1,1,1,1,1,1,1,1,1,1,1,1,1,1,1,1,1,1,1,1,1,1,1,1,1,1,1,1,1,1,1,1,1,1,1,1,1,1,1,1,1,1,1,1,1,1,1,1,1,1,1,1,1,1,1,1,1,1,1,1,1,1,1,1,1,1,1,1,1,1,1,1,1,1,1,1,1,1,1,1
7,0,0,0,0,0,0,0,0,0,0,0,0,0,0,0,0,0,0,0,0,0,0,0,0,0,0,0,0,0,0,0,0,0,0,0,0,0,0,0,0,0,0,0,0,0,0,0,0,0,0,0,0,0,0,0,0,0,0,0,0,0,0,0.252539091,0.150181055,0.512677921,0.058348038,0.31470823,0.300084887,0.153179868,0.070299769,0.177579842,0.072603344,0.288648945,0.114186149,0.226114632,0.155740822,0.103772348,0.433848009,0.238960336,0.270507492,0.705033807,0.322487703,0.342337726,0.235136846,0.432528419,0.116822628,0.141335027,0.502775003,0.427625434,0.251265486,0.139054937,0.367895132,0.406319753,0,0.609392352,0.108643035,0,0,0.433599445,0,0,0.814390503,0.402170019,0.839284268,0,0.611674428,0,0.432606015,0,0,0,0.341787798,0.341787798,0.816129544,0,0,0,0,0,0,0,0,0,0,0.5,0.5,0.5,0.5,0.5,0.5,0.5,0.5,0.5,0.5,0.5,0.5,0.5,0.5,0.5,0.5,0.5,0.5,0.5,0.5,0.5,0.5,0.5,0.5,0.5,0.5,0.5,0.5,0.5,0.5,0.5,1,1,1,1,1,1,1,1,1,1,1,1,1,1,1,1,1,1,1,1,1,1,1,1,1,1,1,1,1,1,1,1,1,1,1,1,1,1,1,1,1,1,1,1,1,1,1,1,1,1,1,1,1,1,1,1,1,1,1,1,1,1,1,1,1,1,1,1,1,1,1,1,1,1,1,1,1,1,1,1,1,1,1,1,1,1,1,1,1,1,1,1,1,1,1,1,1,1,1,1,1,1,1,1,1,1,1,1,1,1,1,1,1,1,1,1,1,1,1,1,1,1,1,1,1,1,1,1,1,1,1,1,1,1,1,1,1,1,1,1,1,1,1,1,1,1,1,1,1,1,1,1,1,1,1,1,1,1,1,1,1,1,1,1,1,1,1,1,1,1,1,1,1,1,1,1,1,1,1,1,1,1,1,1,1,1
8,0,0,0,0,0,0,0,0,0,0,0,0,0,0,0,0,0,0,0,0,0,0,0,0,0,0,0,0,0,0,0,0,0,0,0,0,0,0,0,0,0,0,0,0,0,0,0,0,0,0,0,0,0,0,0,0,0,0,0,0,0,0,0.220289076,0.113199971,0.503704734,0.063819344,0.288051093,0.302141624,0.144528188,0.058141312,0.164915666,0.07637557,0.266819624,0.101509043,0.227976384,0.133549429,0.099641769,0.423378492,0.256483191,0.260708362,0.660229917,0.322240207,0.328523762,0.187445458,0.418334491,0.122613392,0.13017171,0.350383771,0.420827637,0.213358155,0.159008063,0.381609345,0.380473036,0,0.596103644,0.120584137,0,0,0.435734403,0,0,0.781074107,0.379987915,0.846055262,0,0.593435097,0,0.414990824,0,0,0,0.421352989,0.421352989,0.784027842,0,0,0,0,0,0,0,0,0,0,0.5,0.5,0.5,0.5,0.5,0.5,0.5,0.5,0.5,0.5,0.5,0.5,0.5,0.5,0.5,0.5,0.5,0.5,0.5,0.5,0.5,0.5,0.5,0.5,0.5,0.5,0.5,0.5,0.5,0.5,0.5,1,1,1,1,1,1,1,1,1,1,1,1,1,1,1,1,1,1,1,1,1,1,1,1,1,1,1,1,1,1,1,1,1,1,1,1,1,1,1,1,1,1,1,1,1,1,1,1,1,1,1,1,1,1,1,1,1,1,1,1,1,1,1,1,1,1,1,1,1,1,1,1,1,1,1,1,1,1,1,1,1,1,1,1,1,1,1,1,1,1,1,1,1,1,1,1,1,1,1,1,1,1,1,1,1,1,1,1,1,1,1,1,1,1,1,1,1,1,1,1,1,1,1,1,1,1,1,1,1,1,1,1,1,1,1,1,1,1,1,1,1,1,1,1,1,1,1,1,1,1,1,1,1,1,1,1,1,1,1,1,1,1,1,1,1,1,1,1,1,1,1,1,1,1,1,1,1,1,1,1,1,1,1,1,1,1
9,0.006680366,0.015339128,0.000573773,0.000129146,0.005968107,0.027516462,0.038051408,0.077463288,0.08711052,0.044601457,0.04976645,0.030527568,0.074381416,0.036773607,0.041117419,0.002151867,0.013830955,0.011184958,0.051156508,0.012635408,0.017234304,0,0,0.000562558,0,0,0,0,0,0,0,0.010220559,0.02955127,0.002741782,0,0,0.042147131,0,0,0.102832062,0.067212143,0.065896694,0.048707756,0.062702677,0.051723071,0.016389575,0.003403974,0.018892584,0.018515224,0.047164762,0,0.034232542,0,0,0,0,0,0,0,0,0,0,0.195957982,0.094289776,0.497029157,0.063755465,0.274008492,0.304006247,0.140970485,0.052320415,0.157413926,0.077858451,0.253359567,0.096251554,0.231677946,0.122283473,0.095776144,0.414700182,0.267389485,0.253471322,0.631600963,0.324269805,0.324339578,0.158709644,0.408843295,0.12454099,0.123024473,0.259536645,0.416466861,0.19334597,0.168173097,0.388010129,0.366718048,0,0.601855119,0.126849788,0,0,0.445089332,0,0,0.770398986,0.366946113,0.849137309,0,0.594214573,0,0.401568979,0,0,0,0.46199143,0.46199143,0.773730649,0,0,0,0,0,0,0,0,0,0,0.5,0.5,0.5,0.5,0.5,0.5,0.5,0.5,0.5,0.5,0.5,0.5,0.5,0.5,0.5,0.5,0.5,0.5,0.5,0.5,0.5,0.5,0.5,0.5,0.5,0.5,0.5,0.5,0.5,0.5,0.5,1,1,1,1,1,1,1,1,1,1,1,1,1,1,1,1,1,1,1,1,1,1,1,1,1,1,1,1,1,1,1,1,1,1,1,1,1,1,1,1,1,1,1,1,1,1,1,1,1,1,1,1,1,1,1,1,1,1,1,1,1,1,1,1,1,1,1,1,1,1,1,1,1,1,1,1,1,1,1,1,1,1,1,1,1,1,1,1,1,1,1,1,1,1,1,1,1,1,1,1,1,1,1,1,1,1,1,1,1,1,1,1,1,1,1,1,1,1,1,1,1,1,1,1,1,1,1,1,1,1,1,1,1,1,1,1,1,1,1,1,1,1,1,1,1,1,1,1,1,1,1,1,1,1,1,1,1,1,1,1,1,1,1,1,1,1,1,1,1,1,1,1,1,1,1,1,1,1,1,1,1,1,1,1,1,1
10,0.09788864,0.112285255,0.127481036,0.099833491,0.092400754,0.117300597,0.13545371,0.268676527,0.260819242,0.140757824,0.138682073,0.131253873,0.219896729,0.137513454,0.145126032,0.1139965,0.160348487,0.077014356,0.165457439,0.086751174,0.144422855,0.100315849,0.138439965,0.050275291,0.043396153,0.010654258,0.082468242,0.012352121,0.008910837,0.064392527,0,0.102990206,0.136320493,0.154474549,0,0,0.127662413,0,0,0.253103841,0.175908495,0.163665312,0.122144609,0.158034178,0.156192563,0.084593601,0.127584387,0.152886114,0.046790664,0.094558457,0,0.166443863,0.1010327,0,0,0,0.029266074,0,0,0,0,0,0.14116078,0.054796659,0.482412715,0.059801878,0.244322488,0.297910067,0.129566611,0.039548679,0.137031848,0.081126529,0.228769401,0.084918153,0.242310103,0.097950681,0.087000555,0.397034515,0.289181439,0.234154413,0.56548231,0.323725973,0.319890858,0.105106543,0.389850083,0.128086057,0.109049946,0.104615012,0.404080036,0.156830352,0.178725302,0.403282717,0.343601187,0,0.610733195,0.136311945,0,0,0.46413655,0,0,0.754259189,0.345021307,0.854069881,0,0.596992815,0,0.374737025,0,0,0,0.523974797,0.523974797,0.758151566,0,0,0,0,0,0,0,0,0,0,0.5,0.5,0.5,0.5,0.5,0.5,0.5,0.5,0.5,0.5,0.5,0.5,0.5,0.5,0.5,0.5,0.5,0.5,0.5,0.5,0.5,0.5,0.5,0.5,0.5,0.5,0.5,0.5,0.5,0.5,0.5,1,1,1,1,1,1,1,1,1,1,1,1,1,1,1,1,1,1,1,1,1,1,1,1,1,1,1,1,1,1,1,1,1,1,1,1,1,1,1,1,1,1,1,1,1,1,1,1,1,1,1,1,1,1,1,1,1,1,1,1,1,1,1,1,1,1,1,1,1,1,1,1,1,1,1,1,1,1,1,1,1,1,1,1,1,1,1,1,1,1,1,1,1,1,1,1,1,1,1,1,1,1,1,1,1,1,1,1,1,1,1,1,1,1,1,1,1,1,1,1,1,1,1,1,1,1,1,1,1,1,1,1,1,1,1,1,1,1,1,1,1,1,1,1,1,1,1,1,1,1,1,1,1,1,1,1,1,1,1,1,1,1,1,1,1,1,1,1,1,1,1,1,1,1,1,1,1,1,1,1,1,1,1,1,1,1
11,0.307090167,0.317008739,0.331719331,0.260138735,0.287769327,0.207906041,0.219810361,0.393542961,0.37175988,0.276291063,0.268319604,0.270416701,0.379871719,0.270474298,0.246429762,0.247725238,0.311597744,0.156874842,0.288655761,0.149378555,0.292442728,0.242360005,0.387500171,0.139886131,0.150836188,0.187992899,0.277184115,0.138003041,0.166207638,0.25521575,0,0.275472821,0.30251904,0.313873681,0,0,0.201459132,0,0,0.338624971,0.230754012,0.281817874,0.296073688,0.31823547,0.257096178,0.173383625,0.240060427,0.274136219,0.084934418,0.137223075,0,0.28920226,0.227932914,0,0,0,0.24001439,0,0,0,0,0,0.068862406,0.001824901,0.47692966,0.032827659,0.207973927,0.305732011,0.15734394,0.031031999,0.166681124,0.084127917,0.23185269,0.041757439,0.247125947,0.080370904,0.064355328,0.341703245,0.381635959,0.244674575,0.471469706,0.332059356,0.350801093,0.068432185,0.354626847,0.111560356,0.101982721,0.034315859,0.384590791,0.148469325,0.162104486,0.368120689,0.334605465,0,0.582189853,0.103738489,0,0,0.521095568,0,0,0.747745123,0.328970944,0.852854644,0,0.676698087,0,0.355970569,0,0,0,0.553912017,0.553912017,0.751860111,0,0,0,0,0,0,0,0,0,0,0.5,0.5,0.5,0.5,0.5,0.5,0.5,0.5,0.5,0.5,0.5,0.5,0.5,0.5,0.5,0.5,0.5,0.5,0.5,0.5,0.5,0.5,0.5,0.5,0.5,0.5,0.5,0.5,0.5,0.5,0.5,1,1,1,1,1,1,1,1,1,1,1,1,1,1,1,1,1,1,1,1,1,1,1,1,1,1,1,1,1,1,1,1,1,1,1,1,1,1,1,1,1,1,1,1,1,1,1,1,1,1,1,1,1,1,1,1,1,1,1,1,1,1,1,1,1,1,1,1,1,1,1,1,1,1,1,1,1,1,1,1,1,1,1,1,1,1,1,1,1,1,1,1,1,1,1,1,1,1,1,1,1,1,1,1,1,1,1,1,1,1,1,1,1,1,1,1,1,1,1,1,1,1,1,1,1,1,1,1,1,1,1,1,1,1,1,1,1,1,1,1,1,1,1,1,1,1,1,1,1,1,1,1,1,1,1,1,1,1,1,1,1,1,1,1,1,1,1,1,1,1,1,1,1,1,1,1,1,1,1,1,1,1,1,1,1,1
12,0.466274009,0.44837079,0.486791176,0.423935095,0.450754514,0.23804713,0.275944771,0.444210551,0.43368671,0.385413577,0.373872245,0.404145999,0.507257323,0.354174765,0.406603465,0.32604725,0.430503442,0.245382106,0.394860785,0.203727004,0.422316266,0.338153845,0.582655956,0.245913816,0.250301028,0.402795196,0.443035189,0.435537299,0.403465966,0.456746573,0.054288269,0.394600759,0.394814454,0.426077699,0,0,0.22273246,0,0,0.384305485,0.287112463,0.255152368,0.393826201,0.452477546,0.30128036,0.304030974,0.303446644,0.365821502,0.167838182,0.218020202,0,0.386871099,0.309896828,0,0,0,0.411747218,0,0,0,0,0,0,0,0.482428595,0.01603143,0.219774796,0.344982894,0.188306605,0.030349334,0.160044054,0.056725507,0.236226565,0.018027697,0.248236813,0.058867306,0.083934885,0.302947454,0.421754395,0.277876952,0.383670737,0.332530133,0.335405448,0.064150486,0.34734101,0.082148054,0.173171872,0.053484885,0.403401445,0.090221656,0.187637193,0.32340049,0.334244787,0,0.543170602,0,0,0,0.522693847,0,0,0.726948705,0.320163758,0.836395592,0,0.743435722,0,0.283789275,0,0,0,0.545339755,0.545339755,0.731759872,0,0,0,0,0,0,0,0,0,0,0.5,0.5,0.5,0.5,0.5,0.5,0.5,0.5,0.5,0.5,0.5,0.5,0.5,0.5,0.5,0.5,0.5,0.5,0.5,0.5,0.5,0.5,0.5,0.5,0.5,0.5,0.5,0.5,0.5,0.5,0.5,1,1,1,1,1,1,1,1,1,1,1,1,1,1,1,1,1,1,1,1,1,1,1,1,1,1,1,1,1,1,1,1,1,1,1,1,1,1,1,1,1,1,1,1,1,1,1,1,1,1,1,1,1,1,1,1,1,1,1,1,1,1,1,1,1,1,1,1,1,1,1,1,1,1,1,1,1,1,1,1,1,1,1,1,1,1,1,1,1,1,1,1,1,1,1,1,1,1,1,1,1,1,1,1,1,1,1,1,1,1,1,1,1,1,1,1,1,1,1,1,1,1,1,1,1,1,1,1,1,1,1,1,1,1,1,1,1,1,1,1,1,1,1,1,1,1,1,1,1,1,1,1,1,1,1,1,1,1,1,1,1,1,1,1,1,1,1,1,1,1,1,1,1,1,1,1,1,1,1,1,1,1,1,1,1,1
13,0.574672778,0.521583938,0.579780209,0.573791155,0.567531463,0.355377585,0.284420578,0.454591776,0.367641387,0.380920574,0.419725777,0.506524003,0.562609804,0.378981544,0.40812633,0.432944685,0.505194516,0.361692084,0.48100588,0.258351165,0.512874452,0.361697426,0.710134285,0.310620454,0.364888798,0.582291198,0.540485074,0.637227051,0.574541399,0.616545703,0.192648024,0.472363646,0.443448322,0.492859427,0,0,0.224933916,0,0,0.335540791,0.268929209,0.322005894,0.440184944,0.492839421,0.308164981,0.282758303,0.406960174,0.422284103,0.342760222,0.329142255,0,0.450973259,0.329735006,0,0,0,0.535290335,0,0,0,0,0,0,0,0.466004017,0.021111918,0.238659195,0.367132436,0.18667318,0.02173284,0.167276372,0.032565723,0.217273919,0.016347274,0.240457127,0.058680351,0.091398457,0.291780884,0.426960283,0.286120653,0.322083012,0.357985544,0.327438759,0.062754258,0.370428899,0.054910867,0.302417928,0.094396186,0.434365792,0.027494899,0.324388225,0.29316886,0.334244787,0,0.529832372,0,0,0,0.450784426,0,0,0.677737652,0.354134743,0.823786275,0,0.769799837,0,0.182783332,0,0,0,0.515578134,0.515578134,0.684104878,0,0,0,0,0,0,0,0,0,0,0.5,0.5,0.5,0.5,0.5,0.5,0.5,0.5,0.5,0.5,0.5,0.5,0.5,0.5,0.5,0.5,0.5,0.5,0.5,0.5,0.5,0.5,0.5,0.5,0.5,0.5,0.5,0.5,0.5,0.5,0.5,1,1,1,1,1,1,1,1,1,1,1,1,1,1,1,1,1,1,1,1,1,1,1,1,1,1,1,1,1,1,1,1,1,1,1,1,1,1,1,1,1,1,1,1,1,1,1,1,1,1,1,1,1,1,1,1,1,1,1,1,1,1,1,1,1,1,1,1,1,1,1,1,1,1,1,1,1,1,1,1,1,1,1,1,1,1,1,1,1,1,1,1,1,1,1,1,1,1,1,1,1,1,1,1,1,1,1,1,1,1,1,1,1,1,1,1,1,1,1,1,1,1,1,1,1,1,1,1,1,1,1,1,1,1,1,1,1,1,1,1,1,1,1,1,1,1,1,1,1,1,1,1,1,1,1,1,1,1,1,1,1,1,1,1,1,1,1,1,1,1,1,1,1,1,1,1,1,1,1,1,1,1,1,1,1,1
14,0.594804645,0.536650702,0.612931442,0.632080124,0.619489152,0.382993912,0.274692042,0.425311894,0.397480979,0.362817601,0.430465243,0.521213629,0.566011722,0.373872368,0.405047427,0.498593329,0.528940208,0.384251938,0.515655586,0.32824748,0.55159325,0.391887741,0.770608389,0.324705523,0.458149119,0.711192674,0.577563394,0.704587018,0.6855774,0.692041445,0.408970854,0.486569205,0.453254066,0.51295725,0,0,0.216704234,0,0,0.357751555,0.297590515,0.368395337,0.449243345,0.494806813,0.290728904,0.335513967,0.429996381,0.440317399,0.313321712,0.393455959,0,0.476422099,0.35504285,0,0,0,0.615366914,0,0,0,0,0,0,0,0.463934835,0.041457629,0.269563658,0.369848452,0.194479104,0.019391348,0.152039356,0.02981649,0.194831857,0.019478573,0.239136704,0.05553746,0.094657653,0.258037246,0.411915278,0.313903552,0.288352532,0.394093681,0.330922119,0.053081171,0.381941944,0.033179366,0.386829215,0.107619874,0.496078729,0.018192876,0.510667429,0.262198623,0.334244787,0,0.503546651,0.071066157,0,0,0.380937303,0,0,0.587704729,0.362662041,0.805093991,0,0.81529322,0,0.132292562,0,0,0,0.459302991,0.459302991,0.59655813,0,0,0,0,0,0,0,0,0,0,0.5,0.5,0.5,0.5,0.5,0.5,0.5,0.5,0.5,0.5,0.5,0.5,0.5,0.5,0.5,0.5,0.5,0.5,0.5,0.5,0.5,0.5,0.5,0.5,0.5,0.5,0.5,0.5,0.5,0.5,0.5,1,1,1,1,1,1,1,1,1,1,1,1,1,1,1,1,1,1,1,1,1,1,1,1,1,1,1,1,1,1,1,1,1,1,1,1,1,1,1,1,1,1,1,1,1,1,1,1,1,1,1,1,1,1,1,1,1,1,1,1,1,1,1,1,1,1,1,1,1,1,1,1,1,1,1,1,1,1,1,1,1,1,1,1,1,1,1,1,1,1,1,1,1,1,1,1,1,1,1,1,1,1,1,1,1,1,1,1,1,1,1,1,1,1,1,1,1,1,1,1,1,1,1,1,1,1,1,1,1,1,1,1,1,1,1,1,1,1,1,1,1,1,1,1,1,1,1,1,1,1,1,1,1,1,1,1,1,1,1,1,1,1,1,1,1,1,1,1,1,1,1,1,1,1,1,1,1,1,1,1,1,1,1,1,1,1
15,0.551010172,0.49858466,0.583301774,0.607410834,0.610608948,0.333737316,0.235711123,0.351216157,0.254139642,0.38179137,0.44168611,0.479303681,0.517955352,0.277654166,0.359191731,0.446485173,0.493966183,0.338033922,0.440319176,0.402369647,0.534672195,0.397502571,0.750879351,0.322664465,0.509492613,0.785050446,0.578870746,0.714261686,0.737909016,0.707823974,0.557274636,0.455577527,0.428351983,0.490079999,0,0,0.204497473,0,0,0.247767721,0.32405421,0.32132818,0.418773787,0.457072308,0.205341147,0.239827814,0.334831856,0.402601814,0.218732973,0.273942307,0,0.461958771,0.359740153,0,0,0,0.656647513,0,0,0,0,0,0,0,0.447418763,0.060327253,0.299035776,0.358108018,0.187421575,0.013957562,0.144159401,0.023202188,0.167143327,0.019434405,0.260734005,0.046943561,0.083388384,0.250385741,0.405729671,0.324242024,0.274609013,0.403739506,0.347264853,0.044626838,0.386350724,0.011300095,0.425199321,0.1169936,0.549719113,0.019771055,0.610831652,0.242192288,0.334244787,0,0.489805066,0.130344895,0,0,0.330650132,0,0,0.488107093,0.362538755,0.79818702,0,0.847250756,0,0,0,0,0,0.413464634,0.413464634,0.499088636,0,0,0,0,0,0,0,0,0,0,0.5,0.5,0.5,0.5,0.5,0.5,0.5,0.5,0.5,0.5,0.5,0.5,0.5,0.5,0.5,0.5,0.5,0.5,0.5,0.5,0.5,0.5,0.5,0.5,0.5,0.5,0.5,0.5,0.5,0.5,0.5,1,1,1,1,1,1,1,1,1,1,1,1,1,1,1,1,1,1,1,1,1,1,1,1,1,1,1,1,1,1,1,1,1,1,1,1,1,1,1,1,1,1,1,1,1,1,1,1,1,1,1,1,1,1,1,1,1,1,1,1,1,1,1,1,1,1,1,1,1,1,1,1,1,1,1,1,1,1,1,1,1,1,1,1,1,1,1,1,1,1,1,1,1,1,1,1,1,1,1,1,1,1,1,1,1,1,1,1,1,1,1,1,1,1,1,1,1,1,1,1,1,1,1,1,1,1,1,1,1,1,1,1,1,1,1,1,1,1,1,1,1,1,1,1,1,1,1,1,1,1,1,1,1,1,1,1,1,1,1,1,1,1,1,1,1,1,1,1,1,1,1,1,1,1,1,1,1,1,1,1,1,1,1,1,1,1
16,0.456688645,0.401832748,0.493589408,0.529819116,0.564742295,0.22546595,0.148127513,0.196995761,0.290681352,0.309453837,0.319566317,0.391181919,0.425557331,0.172863952,0.269380344,0.372949511,0.425461981,0.27681723,0.352216818,0.337864137,0.467280807,0.312344178,0.698290346,0.300002248,0.523680716,0.813196536,0.54882215,0.666025318,0.740455849,0.679162711,0.585784809,0.387610083,0.362944847,0.429900884,0,0,0.132390179,0,0,0.276671583,0.325615445,0.219577222,0.351147214,0.38404469,0.15537889,0.230137088,0.263664864,0.35354151,0.1874841,0.187215129,0,0.410704069,0.288012636,0,0,0,0.666497259,0,0,0,0,0,0,0,0.439494618,0.07032331,0.319078269,0.289437139,0.171003095,0.013945467,0.144159401,0,0.156054911,0.029705819,0.309104731,0.044026302,0.077887816,0.229075271,0.400527411,0.357881794,0.28399644,0.419580429,0.354780192,0.028412515,0.419865182,0.011666404,0.45619237,0.172861443,0.589707483,0.021356061,0.668655324,0.230959618,0.334244787,0,0.452849197,0.187811249,0,0,0.306536938,0,0,0.406392009,0.396905009,0.81157841,0,0.860761058,0,0,0,0,0,0.387568573,0.387568573,0.418537613,0,0,0,0,0,0,0,0,0,0,0.5,0.5,0.5,0.5,0.5,0.5,0.5,0.5,0.5,0.5,0.5,0.5,0.5,0.5,0.5,0.5,0.5,0.5,0.5,0.5,0.5,0.5,0.5,0.5,0.5,0.5,0.5,0.5,0.5,0.5,0.5,1,1,1,1,1,1,1,1,1,1,1,1,1,1,1,1,1,1,1,1,1,1,1,1,1,1,1,1,1,1,1,1,1,1,1,1,1,1,1,1,1,1,1,1,1,1,1,1,1,1,1,1,1,1,1,1,1,1,1,1,1,1,1,1,1,1,1,1,1,1,1,1,1,1,1,1,1,1,1,1,1,1,1,1,1,1,1,1,1,1,1,1,1,1,1,1,1,1,1,1,1,1,1,1,1,1,1,1,1,1,1,1,1,1,1,1,1,1,1,1,1,1,1,1,1,1,1,1,1,1,1,1,1,1,1,1,1,1,1,1,1,1,1,1,1,1,1,1,1,1,1,1,1,1,1,1,1,1,1,1,1,1,1,1,1,1,1,1,1,1,1,1,1,1,1,1,1,1,1,1,1,1,1,1,1,1
17,0.194686115,0.172334945,0.222936666,0.279145788,0.324945081,0.069967745,0.049442596,0.041028772,0.196830867,0.150560249,0.15648511,0.23963993,0.289201744,0.118695854,0.141536352,0.226693287,0.296326388,0.19426145,0.255396982,0.263645197,0.346930894,0.219048955,0.583413667,0.251982718,0.550432001,0.794526395,0.365603685,0.521329163,0.60634442,0.466492512,0.522359528,0.186102819,0.189432688,0.241675343,0,0,0.049741569,0,0,0.200860744,0.171148146,0.14070588,0.236360448,0.256971888,0.093707914,0.197506031,0.166620928,0.267374981,0.15156712,0.132188232,0,0.330869182,0.207602978,0,0,0,0.652657527,0,0,0,0,0,0,0,0.400095686,0.06661254,0.319529729,0.203921805,0.151607538,0.007407487,0.159497723,0,0.156168622,0.026619567,0.370382684,0.044026302,0.070075408,0.161943111,0.347071188,0.421346421,0.281672,0.421697665,0.361260066,0.030053452,0.473347851,0.01429277,0.469361982,0.295032324,0.545698289,0.069480535,0.705624048,0.236240381,0.334244787,0,0.428656852,0.220918371,0,0,0.284815768,0,0,0.352528084,0.44083138,0.823530133,0,0.860761058,0,0,0,0,0,0.352655582,0.352655582,0.365098147,0,0,0,0,0,0,0,0,0,0,0.5,0.5,0.5,0.5,0.5,0.5,0.5,0.5,0.5,0.5,0.5,0.5,0.5,0.5,0.5,0.5,0.5,0.5,0.5,0.5,0.5,0.5,0.5,0.5,0.5,0.5,0.5,0.5,0.5,0.5,0.5,1,1,1,1,1,1,1,1,1,1,1,1,1,1,1,1,1,1,1,1,1,1,1,1,1,1,1,1,1,1,1,1,1,1,1,1,1,1,1,1,1,1,1,1,1,1,1,1,1,1,1,1,1,1,1,1,1,1,1,1,1,1,1,1,1,1,1,1,1,1,1,1,1,1,1,1,1,1,1,1,1,1,1,1,1,1,1,1,1,1,1,1,1,1,1,1,1,1,1,1,1,1,1,1,1,1,1,1,1,1,1,1,1,1,1,1,1,1,1,1,1,1,1,1,1,1,1,1,1,1,1,1,1,1,1,1,1,1,1,1,1,1,1,1,1,1,1,1,1,1,1,1,1,1,1,1,1,1,1,1,1,1,1,1,1,1,1,1,1,1,1,1,1,1,1,1,1,1,1,1,1,1,1,1,1,1
18,0.016191735,0.014716653,0.025109201,0.041298852,0.069396788,0.000343062,0,0,0.01809998,0.020851871,0.040229347,0.046910298,0.087870085,0.048973822,0.020670539,0.04946119,0.081873765,0.086147431,0.103928789,0.126710669,0.164207567,0.114257032,0.295849677,0.151563917,0.347076915,0.495766977,0.08619295,0.279128281,0.269787218,0.121478931,0.47133914,0.021894907,0.028625819,0.047903371,0,0,0,0,0,0.028292062,0.040702731,0.050797444,0.064042405,0.091714872,0.037622682,0.053444726,0.06437539,0.096104331,0.082256826,0.092369268,0,0.179765726,0.113897503,0,0,0,0.464760734,0,0,0,0,0,0,0,0.365881565,0.08494649,0.28169971,0.157682753,0.149972052,0,0.182439395,0,0.17307201,0.039671809,0.397423861,0.049772892,0.098256885,0.128995509,0.255879547,0.453958287,0.267487238,0.384700201,0.36466141,0.038293908,0.465116563,0.015611785,0.478711591,0.396527937,0.51778099,0.087625284,0.721157577,0.225490141,0.334244787,0,0.428425584,0.237483496,0,0,0.296104342,0,0,0.341741076,0.459484378,0.840277341,0,0.860761058,0,0,0,0,0,0.335675838,0.335675838,0.354358986,0,0,0,0,0,0,0,0,0,0,0.5,0.5,0.5,0.5,0.5,0.5,0.5,0.5,0.5,0.5,0.5,0.5,0.5,0.5,0.5,0.5,0.5,0.5,0.5,0.5,0.5,0.5,0.5,0.5,0.5,0.5,0.5,0.5,0.5,0.5,0.5,1,1,1,1,1,1,1,1,1,1,1,1,1,1,1,1,1,1,1,1,1,1,1,1,1,1,1,1,1,1,1,1,1,1,1,1,1,1,1,1,1,1,1,1,1,1,1,1,1,1,1,1,1,1,1,1,1,1,1,1,1,1,1,1,1,1,1,1,1,1,1,1,1,1,1,1,1,1,1,1,1,1,1,1,1,1,1,1,1,1,1,1,1,1,1,1,1,1,1,1,1,1,1,1,1,1,1,1,1,1,1,1,1,1,1,1,1,1,1,1,1,1,1,1,1,1,1,1,1,1,1,1,1,1,1,1,1,1,1,1,1,1,1,1,1,1,1,1,1,1,1,1,1,1,1,1,1,1,1,1,1,1,1,1,1,1,1,1,1,1,1,1,1,1,1,1,1,1,1,1,1,1,1,1,1,1
19,0,0,0,0,0.0061684,0,0,0,0,0,0,0,0,0,0,1.30E-05,0,0.001745434,0.001367734,0.012465401,0.020971237,0.007918953,0.098751103,0.043699156,0.090490114,0.159210442,0.001711711,0.07506464,0.089556738,0.010061675,0.360294186,0,0,0,0,0,0,0,0,0,0,0,0,0,0,0,0,0,0.003541667,0.0066907,0,0.031766795,0.009711475,0,0,0,0.213653992,0,0,0,0,0,0,0,0.357764827,0.103459202,0.21952829,0.139010083,0.1331175,0,0.18266552,0,0.151097605,0.049235486,0.38512769,0.078149744,0.143152822,0.136800965,0.185962267,0.464417196,0.316296802,0.314746983,0.330867937,0.042734085,0.362066067,0.014338481,0.47422769,0.407378787,0.455812629,0.087848065,0.554465506,0.216334463,0.334244787,0,0.372503147,0.188266956,0,0,0.285433087,0,0,0.341741076,0.468445814,0.840277341,0,0.860761058,0,0,0,0,0,0.302726316,0.302726316,0.354358986,0,0,0,0,0,0,0,0,0,0,0.5,0.5,0.5,0.5,0.5,0.5,0.5,0.5,0.5,0.5,0.5,0.5,0.5,0.5,0.5,0.5,0.5,0.5,0.5,0.5,0.5,0.5,0.5,0.5,0.5,0.5,0.5,0.5,0.5,0.5,0.5,1,1,1,1,1,1,1,1,1,1,1,1,1,1,1,1,1,1,1,1,1,1,1,1,1,1,1,1,1,1,1,1,1,1,1,1,1,1,1,1,1,1,1,1,1,1,1,1,1,1,1,1,1,1,1,1,1,1,1,1,1,1,1,1,1,1,1,1,1,1,1,1,1,1,1,1,1,1,1,1,1,1,1,1,1,1,1,1,1,1,1,1,1,1,1,1,1,1,1,1,1,1,1,1,1,1,1,1,1,1,1,1,1,1,1,1,1,1,1,1,1,1,1,1,1,1,1,1,1,1,1,1,1,1,1,1,1,1,1,1,1,1,1,1,1,1,1,1,1,1,1,1,1,1,1,1,1,1,1,1,1,1,1,1,1,1,1,1,1,1,1,1,1,1,1,1,1,1,1,1,1,1,1,1,1,1
20,0,0,0,0,0,0,0,0,0,0,0,0,0,0,0,0,0,0,0,0,0,0,0,0,0,0.025593065,0,0,2.33E-05,0,0.175132053,0,0,0,0,0,0,0,0,0,0,0,0,0,0,0,0,0,0,0,0,0,0,0,0,0,0.049810737,0,0,0,0,0,0.102186107,0,0.363252798,0.131558698,0.186965249,0.145502102,0.122973075,0,0.160044054,0,0.163986129,0.046479625,0.35752947,0.087977257,0.167656675,0.168493682,0.185034614,0.524992804,0.368523625,0.288064786,0.302800832,0.045394488,0.309954529,0.020273571,0.442468883,0.343727884,0.433748591,0.106168718,0.408491577,0.216501503,0.334244787,0,0.320300971,0.166733406,0,0,0.274732836,0,0,0.341741076,0.47718608,0.827825141,0,0.860761058,0,0,0,0,0,0.294777937,0.294777937,0.354358986,0,0,0,0,0,0,0,0,0,0,0.5,0.5,0.5,0.5,0.5,0.5,0.5,0.5,0.5,0.5,0.5,0.5,0.5,0.5,0.5,0.5,0.5,0.5,0.5,0.5,0.5,0.5,0.5,0.5,0.5,0.5,0.5,0.5,0.5,0.5,0.5,1,1,1,1,1,1,1,1,1,1,1,1,1,1,1,1,1,1,1,1,1,1,1,1,1,1,1,1,1,1,1,1,1,1,1,1,1,1,1,1,1,1,1,1,1,1,1,1,1,1,1,1,1,1,1,1,1,1,1,1,1,1,1,1,1,1,1,1,1,1,1,1,1,1,1,1,1,1,1,1,1,1,1,1,1,1,1,1,1,1,1,1,1,1,1,1,1,1,1,1,1,1,1,1,1,1,1,1,1,1,1,1,1,1,1,1,1,1,1,1,1,1,1,1,1,1,1,1,1,1,1,1,1,1,1,1,1,1,1,1,1,1,1,1,1,1,1,1,1,1,1,1,1,1,1,1,1,1,1,1,1,1,1,1,1,1,1,1,1,1,1,1,1,1,1,1,1,1,1,1,1,1,1,1,1,1
21,0,0,0,0,0,0,0,0,0,0,0,0,0,0,0,0,0,0,0,0,0,0,0,0,0,0,0,0,0,0,0.059455528,0,0,0,0,0,0,0,0,0,0,0,0,0,0,0,0,0,0,0,0,0,0,0,0,0,0,0,0,0,0,0,0.143448378,0.02411664,0.369728521,0.167334239,0.179193368,0.152485945,0.117518691,0.005404912,0.137022847,0.019359571,0.162745321,0.0473199,0.355042192,0.109844549,0.166183781,0.221229023,0.18347548,0.5565908,0.416926627,0.274922589,0.314728502,0.045437149,0.234373414,0.040008589,0.398275299,0.345272682,0.410465997,0.162023018,0.38876337,0.22459041,0.334244787,0,0.280845518,0.166733406,0,0,0.307588902,0,0,0.352528084,0.47718608,0.818444615,0,0.860761058,0,0,0,0,0,0.302840811,0.302840811,0.365098147,0,0,0,0,0,0,0,0,0,0,0.5,0.5,0.5,0.5,0.5,0.5,0.5,0.5,0.5,0.5,0.5,0.5,0.5,0.5,0.5,0.5,0.5,0.5,0.5,0.5,0.5,0.5,0.5,0.5,0.5,0.5,0.5,0.5,0.5,0.5,0.5,1,1,1,1,1,1,1,1,1,1,1,1,1,1,1,1,1,1,1,1,1,1,1,1,1,1,1,1,1,1,1,1,1,1,1,1,1,1,1,1,1,1,1,1,1,1,1,1,1,1,1,1,1,1,1,1,1,1,1,1,1,1,1,1,1,1,1,1,1,1,1,1,1,1,1,1,1,1,1,1,1,1,1,1,1,1,1,1,1,1,1,1,1,1,1,1,1,1,1,1,1,1,1,1,1,1,1,1,1,1,1,1,1,1,1,1,1,1,1,1,1,1,1,1,1,1,1,1,1,1,1,1,1,1,1,1,1,1,1,1,1,1,1,1,1,1,1,1,1,1,1,1,1,1,1,1,1,1,1,1,1,1,1,1,1,1,1,1,1,1,1,1,1,1,1,1,1,1,1,1,1,1,1,1,1,1
22,0,0,0,0,0,0,0,0,0,0,0,0,0,0,0,0,0,0,0,0,0,0,0,0,0,0,0,0,0,0,0.013038466,0,0,0,0,0,0,0,0,0,0,0,0,0,0,0,0,0,0,0,0,0,0,0,0,0,0,0,0,0,0,0,0.172264707,0.02752194,0.377574298,0.179189954,0.184540548,0.151248122,0.136343986,0.007927668,0.109151806,0.025948835,0.141289421,0.056333142,0.351097738,0.121021427,0.164361944,0.234874169,0.178950965,0.577643144,0.440647519,0.258892589,0.347453667,0.047975477,0.176937851,0.044080528,0.327632645,0.399013576,0.386345431,0.195559476,0.380730223,0.238464524,0.334244787,0,0.271727111,0.188494281,0,0,0.369757504,0,0,0.352528084,0.495309433,0.818241969,0,0.860761058,0,0,0,0,0,0.336078685,0.336078685,0.365098147,0,0,0,0,0,0,0,0,0,0,0.5,0.5,0.5,0.5,0.5,0.5,0.5,0.5,0.5,0.5,0.5,0.5,0.5,0.5,0.5,0.5,0.5,0.5,0.5,0.5,0.5,0.5,0.5,0.5,0.5,0.5,0.5,0.5,0.5,0.5,0.5,1,1,1,1,1,1,1,1,1,1,1,1,1,1,1,1,1,1,1,1,1,1,1,1,1,1,1,1,1,1,1,1,1,1,1,1,1,1,1,1,1,1,1,1,1,1,1,1,1,1,1,1,1,1,1,1,1,1,1,1,1,1,1,1,1,1,1,1,1,1,1,1,1,1,1,1,1,1,1,1,1,1,1,1,1,1,1,1,1,1,1,1,1,1,1,1,1,1,1,1,1,1,1,1,1,1,1,1,1,1,1,1,1,1,1,1,1,1,1,1,1,1,1,1,1,1,1,1,1,1,1,1,1,1,1,1,1,1,1,1,1,1,1,1,1,1,1,1,1,1,1,1,1,1,1,1,1,1,1,1,1,1,1,1,1,1,1,1,1,1,1,1,1,1,1,1,1,1,1,1,1,1,1,1,1,1
23,0,0,0,0,0,0,0,0,0,0,0,0,0,0,0,0,0,0,0,0,0,0,0,0,0,0,0,0,0,0,0,0,0,0,0,0,0,0,0,0,0,0,0,0,0,0,0,0,0,0,0,0,0,0,0,0,0,0,0,0,0,0,0.212814514,0,0.387227059,0.169252894,0.177232054,0.144094553,0.169152892,0.009759254,0.076653101,0.030600525,0.126421591,0.086798571,0.345058363,0.121256855,0.163169985,0.248803075,0.169923008,0.587372061,0.458235813,0.259659935,0.368220212,0.055652272,0.162240077,0.050443811,0.276657601,0.450451431,0.354006734,0.209534259,0.373879187,0.245752856,0.346762234,0,0.310052456,0.196963713,0,0,0.423824103,0,0,0.341741076,0.486025777,0.79818702,0,0.860761058,0,0.131953438,0,0,0,0.378651445,0.378651445,0.354358986,0,0,0,0,0,0,0,0,0,0,0.5,0.5,0.5,0.5,0.5,0.5,0.5,0.5,0.5,0.5,0.5,0.5,0.5,0.5,0.5,0.5,0.5,0.5,0.5,0.5,0.5,0.5,0.5,0.5,0.5,0.5,0.5,0.5,0.5,0.5,0.5,1,1,1,1,1,1,1,1,1,1,1,1,1,1,1,1,1,1,1,1,1,1,1,1,1,1,1,1,1,1,1,1,1,1,1,1,1,1,1,1,1,1,1,1,1,1,1,1,1,1,1,1,1,1,1,1,1,1,1,1,1,1,1,1,1,1,1,1,1,1,1,1,1,1,1,1,1,1,1,1,1,1,1,1,1,1,1,1,1,1,1,1,1,1,1,1,1,1,1,1,1,1,1,1,1,1,1,1,1,1,1,1,1,1,1,1,1,1,1,1,1,1,1,1,1,1,1,1,1,1,1,1,1,1,1,1,1,1,1,1,1,1,1,1,1,1,1,1,1,1,1,1,1,1,1,1,1,1,1,1,1,1,1,1,1,1,1,1,1,1,1,1,1,1,1,1,1,1,1,1,1,1,1,1,1,1
24,0,0,0,0,0,0,0,0,0,0,0,0,0,0,0,0,0,0,0,0,0,0,0,0,0,0,0,0,0,0,0,0,0,0,0,0,0,0,0,0,0,0,0,0,0,0,0,0,0,0,0,0,0,0,0,0,0,0,0,0,0,0,0.249675978,0.020835321,0.405479865,0.166853866,0.165470197,0.146012991,0.210978656,0.007935618,0.06342005,0.046589469,0.136947385,0.114076303,0.33554771,0.121680878,0.166795868,0.249021365,0.141417341,0.579875751,0.476625596,0.255880075,0.375689042,0.066223212,0.14228945,0.056370256,0.252763009,0.457435291,0.356190565,0.219025752,0.348351474,0.240105538,0.354603683,0,0.393987229,0.221489838,0,0,0.409840653,0,0,0.352528084,0.432129285,0.784707786,0,0.860761058,0,0.309083796,0,0,0,0.440764997,0.440764997,0.365098147,0,0,0,0,0,0,0,0,0,0,0.5,0.5,0.5,0.5,0.5,0.5,0.5,0.5,0.5,0.5,0.5,0.5,0.5,0.5,0.5,0.5,0.5,0.5,0.5,0.5,0.5,0.5,0.5,0.5,0.5,0.5,0.5,0.5,0.5,0.5,0.5,1,1,1,1,1,1,1,1,1,1,1,1,1,1,1,1,1,1,1,1,1,1,1,1,1,1,1,1,1,1,1,1,1,1,1,1,1,1,1,1,1,1,1,1,1,1,1,1,1,1,1,1,1,1,1,1,1,1,1,1,1,1,1,1,1,1,1,1,1,1,1,1,1,1,1,1,1,1,1,1,1,1,1,1,1,1,1,1,1,1,1,1,1,1,1,1,1,1,1,1,1,1,1,1,1,1,1,1,1,1,1,1,1,1,1,1,1,1,1,1,1,1,1,1,1,1,1,1,1,1,1,1,1,1,1,1,1,1,1,1,1,1,1,1,1,1,1,1,1,1,1,1,1,1,1,1,1,1,1,1,1,1,1,1,1,1,1,1,1,1,1,1,1,1,1,1,1,1,1,1,1,1,1,1,1,1
