Type,id,transforms--timedata,transforms--constraints--BalanceConstraint,transforms--electricity_production,transforms--capture_rate,transforms--co2_content,transforms--emission_rate,edges--biomass_edge--commodity,edges--biomass_edge--unidirectional,edges--biomass_edge--has_capacity,edges--biomass_edge--can_expand,edges--biomass_edge--can_retire,edges--biomass_edge--integer_decisions,edges--biomass_edge--constraints--CapacityConstraint,edges--biomass_edge--start_vertex,edges--biomass_edge--capacity_size,edges--biomass_edge--investment_cost,edges--biomass_edge--fixed_om_cost,edges--biomass_edge--variable_om_cost,edges--biomass_edge--existing_capacity,edges--biomass_edge--availability--timeseries--path,edges--biomass_edge--availability--timeseries--header,edges--elec_edge--commodity,edges--elec_edge--unidirectional,edges--elec_edge--has_capacity,edges--elec_edge--end_vertex,edges--co2_edge--commodity,edges--co2_edge--unidirectional,edges--co2_edge--has_capacity,edges--co2_edge--start_vertex,edges--co2_emission_edge--commodity,edges--co2_emission_edge--unidirectional,edges--co2_emission_edge--has_capacity,edges--co2_emission_edge--end_vertex,edges--co2_captured_edge--commodity,edges--co2_captured_edge--unidirectional,edges--co2_captured_edge--has_capacity,edges--co2_captured_edge--end_vertex
BECCSElectricity,BR_N_BECCS_bagasse_power_plant,Biomass,TRUE,0.4,1.334,1.45,0.116,Bagasse,TRUE,TRUE,TRUE,TRUE,FALSE,TRUE,bagasse_BR_N,17.1,24079140,963164.86,29.74,0,system/availability.csv,Availability_One,Electricity,TRUE,FALSE,elec_BR,CO2,TRUE,FALSE,co2_sink,CO2,TRUE,FALSE,co2_sink,CO2Captured,TRUE,FALSE,co2_captured_BR
BECCSElectricity,BR_N_bagasse_power_plant,Biomass,TRUE,0.4,,1.45,1.45,Bagasse,TRUE,TRUE,TRUE,TRUE,FALSE,TRUE,bagasse_BR_N,17.1,24079140,963164.86,29.74,0,system/availability.csv,Availability_One,Electricity,TRUE,FALSE,elec_BR,CO2,TRUE,FALSE,co2_sink,CO2,TRUE,FALSE,co2_sink,CO2Captured,TRUE,FALSE,co2_captured_BR
BECCSElectricity,BR_NE_BECCS_bagasse_power_plant,Biomass,TRUE,0.4,1.334,1.45,0.116,Bagasse,TRUE,TRUE,TRUE,TRUE,FALSE,TRUE,bagasse_BR_NE,17.1,24079140,963164.86,29.74,54083,system/availability.csv,Availability_One,Electricity,TRUE,FALSE,elec_BR,CO2,TRUE,FALSE,co2_sink,CO2,TRUE,FALSE,co2_sink,CO2Captured,TRUE,FALSE,co2_captured_BR
BECCSElectricity,BR_NE_bagasse_power_plant,Biomass,TRUE,0.4,,1.45,1.45,Bagasse,TRUE,TRUE,TRUE,TRUE,FALSE,TRUE,bagasse_BR_NE,17.1,24079140,963164.86,29.74,0,system/availability.csv,Availability_One,Electricity,TRUE,FALSE,elec_BR,CO2,TRUE,FALSE,co2_sink,CO2,TRUE,FALSE,co2_sink,CO2Captured,TRUE,FALSE,co2_captured_BR
BECCSElectricity,BR_CW_BECCS_bagasse_power_plant,Biomass,TRUE,0.4,1.334,1.45,0.116,Bagasse,TRUE,TRUE,TRUE,TRUE,FALSE,TRUE,bagasse_BR_CW,17.1,24079140,963164.86,29.74,0,system/availability.csv,Availability_One,Electricity,TRUE,FALSE,elec_BR,CO2,TRUE,FALSE,co2_sink,CO2,TRUE,FALSE,co2_sink,CO2Captured,TRUE,FALSE,co2_captured_BR
BECCSElectricity,BR_CW_bagasse_power_plant,Biomass,TRUE,0.4,,1.45,1.45,Bagasse,TRUE,TRUE,TRUE,TRUE,FALSE,TRUE,bagasse_BR_CW,17.1,24079140,963164.86,29.74,0,system/availability.csv,Availability_One,Electricity,TRUE,FALSE,elec_BR,CO2,TRUE,FALSE,co2_sink,CO2,TRUE,FALSE,co2_sink,CO2Captured,TRUE,FALSE,co2_captured_BR
BECCSElectricity,BR_SE_BECCS_bagasse_power_plant,Biomass,TRUE,0.4,1.334,1.45,0.116,Bagasse,TRUE,TRUE,TRUE,TRUE,FALSE,TRUE,bagasse_BR_SE,17.1,24079140,963164.86,29.74,690528,system/availability.csv,Availability_One,Electricity,TRUE,FALSE,elec_BR,CO2,TRUE,FALSE,co2_sink,CO2,TRUE,FALSE,co2_sink,CO2Captured,TRUE,FALSE,co2_captured_BR
BECCSElectricity,BR_SE_bagasse_power_plant,Biomass,TRUE,0.4,,1.45,1.45,Bagasse,TRUE,TRUE,TRUE,TRUE,FALSE,TRUE,bagasse_BR_SE,17.1,24079140,963164.86,29.74,0,system/availability.csv,Availability_One,Electricity,TRUE,FALSE,elec_BR,CO2,TRUE,FALSE,co2_sink,CO2,TRUE,FALSE,co2_sink,CO2Captured,TRUE,FALSE,co2_captured_BR
BECCSElectricity,BR_S_BECCS_bagasse_power_plant,Biomass,TRUE,0.4,1.334,1.45,0.116,Bagasse,TRUE,TRUE,TRUE,TRUE,FALSE,TRUE,bagasse_BR_S,17.1,24079140,963164.86,29.74,0,system/availability.csv,Availability_One,Electricity,TRUE,FALSE,elec_BR,CO2,TRUE,FALSE,co2_sink,CO2,TRUE,FALSE,co2_sink,CO2Captured,TRUE,FALSE,co2_captured_BR
BECCSElectricity,BR_S_bagasse_power_plant,Biomass,TRUE,0.4,,1.45,1.45,Bagasse,TRUE,TRUE,TRUE,TRUE,FALSE,TRUE,bagasse_BR_S,17.1,24079140,963164.86,29.74,0,system/availability.csv,Availability_One,Electricity,TRUE,FALSE,elec_BR,CO2,TRUE,FALSE,co2_sink,CO2,TRUE,FALSE,co2_sink,CO2Captured,TRUE,FALSE,co2_captured_BR