Type,id,transforms--timedata,transforms--constraints--BalanceConstraint,transforms--hydrogen_production,transforms--electricity_consumption,transforms--capture_rate,transforms--co2_content,transforms--emission_rate,edges--biomass_edge--commodity,edges--biomass_edge--unidirectional,edges--biomass_edge--has_capacity,edges--biomass_edge--can_expand,edges--biomass_edge--can_retire,edges--biomass_edge--integer_decisions,edges--biomass_edge--constraints--CapacityConstraint,edges--biomass_edge--start_vertex,edges--biomass_edge--capacity_size,edges--biomass_edge--investment_cost,edges--biomass_edge--fixed_om_cost,edges--biomass_edge--variable_om_cost,edges--biomass_edge--existing_capacity,edges--biomass_edge--availability--timeseries--path,edges--biomass_edge--availability--timeseries--header,edges--h2_edge--commodity,edges--h2_edge--unidirectional,edges--h2_edge--has_capacity,edges--h2_edge--end_vertex,edges--elec_edge--commodity,edges--elec_edge--unidirectional,edges--elec_edge--has_capacity,edges--elec_edge--start_vertex,edges--co2_edge--commodity,edges--co2_edge--unidirectional,edges--co2_edge--has_capacity,edges--co2_edge--start_vertex,edges--co2_emission_edge--commodity,edges--co2_emission_edge--unidirectional,edges--co2_emission_edge--has_capacity,edges--co2_emission_edge--end_vertex,edges--co2_captured_edge--commodity,edges--co2_captured_edge--unidirectional,edges--co2_captured_edge--has_capacity,edges--co2_captured_edge--end_vertex
BECCSHydrogen,BR_N_BECCS_H2_small,Biomass,TRUE,2.57,0.5,1.298,1.55,0.252,Residue,TRUE,TRUE,TRUE,TRUE,FALSE,TRUE,residue_BR_N,56.34,28092810,1123674.24,63.66,0,system/availability.csv,Availability_One,Hydrogen,TRUE,FALSE,h2_BR,Electricity,TRUE,FALSE,elec_BR,CO2,TRUE,FALSE,co2_sink,CO2,TRUE,FALSE,co2_sink,CO2Captured,TRUE,FALSE,co2_captured_BR
BECCSHydrogen,BR_N_BECCS_H2_mid,Biomass,TRUE,2.57,0.5,1.298,1.55,0.252,Residue,TRUE,TRUE,TRUE,TRUE,FALSE,TRUE,residue_BR_N,225.4,17705580,708229.02,63.66,0,system/availability.csv,Availability_One,Hydrogen,TRUE,FALSE,h2_BR,Electricity,TRUE,FALSE,elec_BR,CO2,TRUE,FALSE,co2_sink,CO2,TRUE,FALSE,co2_sink,CO2Captured,TRUE,FALSE,co2_captured_BR
BECCSHydrogen,BR_N_BECCS_H2_large,Biomass,TRUE,2.57,0.5,1.298,1.55,0.252,Residue,TRUE,TRUE,TRUE,TRUE,FALSE,TRUE,residue_BR_N,394.4,14695280,587805.7,63.66,0,system/availability.csv,Availability_One,Hydrogen,TRUE,FALSE,h2_BR,Electricity,TRUE,FALSE,elec_BR,CO2,TRUE,FALSE,co2_sink,CO2,TRUE,FALSE,co2_sink,CO2Captured,TRUE,FALSE,co2_captured_BR
BECCSHydrogen,BR_NE_BECCS_H2_small,Biomass,TRUE,2.57,0.5,1.298,1.55,0.252,Residue,TRUE,TRUE,TRUE,TRUE,FALSE,TRUE,residue_BR_NE,56.34,28092810,1123674.24,63.66,0,system/availability.csv,Availability_One,Hydrogen,TRUE,FALSE,h2_BR,Electricity,TRUE,FALSE,elec_BR,CO2,TRUE,FALSE,co2_sink,CO2,TRUE,FALSE,co2_sink,CO2Captured,TRUE,FALSE,co2_captured_BR
BECCSHydrogen,BR_NE_BECCS_H2_mid,Biomass,TRUE,2.57,0.5,1.298,1.55,0.252,Residue,TRUE,TRUE,TRUE,TRUE,FALSE,TRUE,residue_BR_NE,225.4,17705580,708229.02,63.66,0,system/availability.csv,Availability_One,Hydrogen,TRUE,FALSE,h2_BR,Electricity,TRUE,FALSE,elec_BR,CO2,TRUE,FALSE,co2_sink,CO2,TRUE,FALSE,co2_sink,CO2Captured,TRUE,FALSE,co2_captured_BR
BECCSHydrogen,BR_NE_BECCS_H2_large,Biomass,TRUE,2.57,0.5,1.298,1.55,0.252,Residue,TRUE,TRUE,TRUE,TRUE,FALSE,TRUE,residue_BR_NE,394.4,14695280,587805.7,63.66,0,system/availability.csv,Availability_One,Hydrogen,TRUE,FALSE,h2_BR,Electricity,TRUE,FALSE,elec_BR,CO2,TRUE,FALSE,co2_sink,CO2,TRUE,FALSE,co2_sink,CO2Captured,TRUE,FALSE,co2_captured_BR
BECCSHydrogen,BR_CW_BECCS_H2_small,Biomass,TRUE,2.57,0.5,1.298,1.55,0.252,Residue,TRUE,TRUE,TRUE,TRUE,FALSE,TRUE,residue_BR_CW,56.34,28092810,1123674.24,63.66,0,system/availability.csv,Availability_One,Hydrogen,TRUE,FALSE,h2_BR,Electricity,TRUE,FALSE,elec_BR,CO2,TRUE,FALSE,co2_sink,CO2,TRUE,FALSE,co2_sink,CO2Captured,TRUE,FALSE,co2_captured_BR
BECCSHydrogen,BR_CW_BECCS_H2_mid,Biomass,TRUE,2.57,0.5,1.298,1.55,0.252,Residue,TRUE,TRUE,TRUE,TRUE,FALSE,TRUE,residue_BR_CW,225.4,17705580,708229.02,63.66,0,system/availability.csv,Availability_One,Hydrogen,TRUE,FALSE,h2_BR,Electricity,TRUE,FALSE,elec_BR,CO2,TRUE,FALSE,co2_sink,CO2,TRUE,FALSE,co2_sink,CO2Captured,TRUE,FALSE,co2_captured_BR
BECCSHydrogen,BR_CW_BECCS_H2_large,Biomass,TRUE,2.57,0.5,1.298,1.55,0.252,Residue,TRUE,TRUE,TRUE,TRUE,FALSE,TRUE,residue_BR_CW,394.4,14695280,587805.7,63.66,0,system/availability.csv,Availability_One,Hydrogen,TRUE,FALSE,h2_BR,Electricity,TRUE,FALSE,elec_BR,CO2,TRUE,FALSE,co2_sink,CO2,TRUE,FALSE,co2_sink,CO2Captured,TRUE,FALSE,co2_captured_BR
BECCSHydrogen,BR_SE_BECCS_H2_small,Biomass,TRUE,2.57,0.5,1.298,1.55,0.252,Residue,TRUE,TRUE,TRUE,TRUE,FALSE,TRUE,residue_BR_SE,56.34,28092810,1123674.24,63.66,0,system/availability.csv,Availability_One,Hydrogen,TRUE,FALSE,h2_BR,Electricity,TRUE,FALSE,elec_BR,CO2,TRUE,FALSE,co2_sink,CO2,TRUE,FALSE,co2_sink,CO2Captured,TRUE,FALSE,co2_captured_BR
BECCSHydrogen,BR_SE_BECCS_H2_mid,Biomass,TRUE,2.57,0.5,1.298,1.55,0.252,Residue,TRUE,TRUE,TRUE,TRUE,FALSE,TRUE,residue_BR_SE,225.4,17705580,708229.02,63.66,0,system/availability.csv,Availability_One,Hydrogen,TRUE,FALSE,h2_BR,Electricity,TRUE,FALSE,elec_BR,CO2,TRUE,FALSE,co2_sink,CO2,TRUE,FALSE,co2_sink,CO2Captured,TRUE,FALSE,co2_captured_BR
BECCSHydrogen,BR_SE_BECCS_H2_large,Biomass,TRUE,2.57,0.5,1.298,1.55,0.252,Residue,TRUE,TRUE,TRUE,TRUE,FALSE,TRUE,residue_BR_SE,394.4,14695280,587805.7,63.66,0,system/availability.csv,Availability_One,Hydrogen,TRUE,FALSE,h2_BR,Electricity,TRUE,FALSE,elec_BR,CO2,TRUE,FALSE,co2_sink,CO2,TRUE,FALSE,co2_sink,CO2Captured,TRUE,FALSE,co2_captured_BR
BECCSHydrogen,BR_S_BECCS_H2_small,Biomass,TRUE,2.57,0.5,1.298,1.55,0.252,Residue,TRUE,TRUE,TRUE,TRUE,FALSE,TRUE,residue_BR_S,56.34,28092810,1123674.24,63.66,0,system/availability.csv,Availability_One,Hydrogen,TRUE,FALSE,h2_BR,Electricity,TRUE,FALSE,elec_BR,CO2,TRUE,FALSE,co2_sink,CO2,TRUE,FALSE,co2_sink,CO2Captured,TRUE,FALSE,co2_captured_BR
BECCSHydrogen,BR_S_BECCS_H2_mid,Biomass,TRUE,2.57,0.5,1.298,1.55,0.252,Residue,TRUE,TRUE,TRUE,TRUE,FALSE,TRUE,residue_BR_S,225.4,17705580,708229.02,63.66,0,system/availability.csv,Availability_One,Hydrogen,TRUE,FALSE,h2_BR,Electricity,TRUE,FALSE,elec_BR,CO2,TRUE,FALSE,co2_sink,CO2,TRUE,FALSE,co2_sink,CO2Captured,TRUE,FALSE,co2_captured_BR
BECCSHydrogen,BR_S_BECCS_H2_large,Biomass,TRUE,2.57,0.5,1.298,1.55,0.252,Residue,TRUE,TRUE,TRUE,TRUE,FALSE,TRUE,residue_BR_S,394.4,14695280,587805.7,63.66,0,system/availability.csv,Availability_One,Hydrogen,TRUE,FALSE,h2_BR,Electricity,TRUE,FALSE,elec_BR,CO2,TRUE,FALSE,co2_sink,CO2,TRUE,FALSE,co2_sink,CO2Captured,TRUE,FALSE,co2_captured_BR